label,id,fea_1,fea_2,fea_3,fea_4,fea_5,fea_6,fea_7,fea_8,fea_9,fea_10,fea_11
1.0,54982665.0,5.0,1245.5,3.0,77000.0,2.0,15.0,5.0,109.0,5.0,151300.0,244.94897430000003
0.0,59004779.0,4.0,1277.0,1.0,113000.0,2.0,8.0,-1.0,100.0,3.0,341759.0,207.17384
0.0,58990862.0,7.0,1298.0,1.0,110000.0,2.0,11.0,-1.0,101.0,5.0,72001.0,1.0
1.0,58995168.0,7.0,1335.5,1.0,151000.0,2.0,11.0,5.0,110.0,3.0,60084.0,1.0
0.0,54987320.0,7.0,1281.5,2.0,59000.0,2.0,11.0,5.0,108.0,4.0,450081.0,197.4031408
0.0,59005995.0,6.0,1217.0,3.0,56000.0,2.0,6.0,-1.0,100.0,3.0,60091.0,1.0
1.0,59001917.0,4.0,1304.0,3.0,35000.0,2.0,8.0,9.0,85.0,5.0,60069.0,1.0
1.0,54984789.0,5.0,1256.0,3.0,78000.0,2.0,15.0,-1.0,111.0,3.0,60030.0,1.0
0.0,58984557.0,5.0,1323.5,3.0,218000.0,2.0,15.0,5.0,112.0,4.0,151300.0,282.8427125
0.0,54990497.0,4.0,1281.5,2.0,35000.0,2.0,8.0,5.0,101.0,3.0,60029.0,237.301496
0.0,58996401.0,7.0,1314.5,1.0,483000.0,2.0,11.0,9.0,101.0,3.0,151300.0,282.8427125
0.0,59001833.0,4.0,1250.0,3.0,95000.0,2.0,8.0,9.0,111.0,4.0,60047.0,1.0
0.0,58989327.0,7.0,1223.0,3.0,81000.0,2.0,11.0,5.0,114.0,4.0,151300.0,194.9358869
0.0,59003965.0,4.0,1281.5,2.0,76000.0,2.0,8.0,9.0,113.0,4.0,60091.0,158.4077018
0.0,58992002.0,7.0,1365.5,1.0,96000.0,2.0,11.0,-1.0,78.0,3.0,60025.0,178.8854382
0.0,54987675.0,7.0,1257.5,3.0,126000.0,2.0,11.0,5.0,105.0,3.0,151300.0,1.0
0.0,58998405.0,4.0,1214.0,3.0,81000.0,2.0,8.0,5.0,111.0,1.0,60043.0,202.4845673
1.0,58993173.0,7.0,1241.0,3.0,78000.0,1.0,11.0,5.0,105.0,5.0,60074.0,1.0
1.0,54985924.0,7.0,1241.0,1.0,111000.0,2.0,11.0,5.0,90.0,5.0,350068.0,223.6067977
1.0,59000383.0,4.0,1281.5,2.0,47000.0,2.0,8.0,9.0,107.0,5.0,151300.0,1.0
0.0,58994740.0,7.0,1281.5,2.0,77000.0,2.0,11.0,9.0,114.0,5.0,510000.0,159.69971819999998
0.0,59004503.0,4.0,1305.5,1.0,129000.0,2.0,8.0,5.0,81.0,5.0,60014.0,1.0
0.0,58991241.0,7.0,1277.0,1.0,150000.0,2.0,11.0,5.0,95.0,5.0,60015.0,1.0
0.0,54991685.0,4.0,1304.0,1.0,35000.0,2.0,8.0,5.0,105.0,3.0,340019.0,181.6590212
0.0,59003773.0,4.0,1320.5,3.0,164000.0,1.0,8.0,5.0,105.0,5.0,151300.0,187.08286930000003
0.0,58991607.0,7.0,1290.5,3.0,119000.0,2.0,11.0,9.0,85.0,3.0,151300.0,200.0
1.0,59004540.0,4.0,1281.5,2.0,34000.0,2.0,8.0,5.0,100.0,5.0,72049.0,163.29421299999998
0.0,54984058.0,5.0,1455.5,3.0,35000.0,2.0,15.0,5.0,92.0,5.0,60058.0,1.0
1.0,58990737.0,7.0,1242.5,3.0,71000.0,1.0,11.0,5.0,108.0,5.0,60005.0,173.20508080000002
1.0,58994089.0,7.0,1239.5,3.0,79000.0,2.0,11.0,8.0,111.0,5.0,71003.0,1.0
0.0,58990628.0,7.0,1335.5,3.0,150000.0,2.0,11.0,9.0,105.0,5.0,350050.0,412.3105626
0.0,58998166.0,4.0,1355.0,3.0,177000.0,2.0,8.0,5.0,87.0,5.0,151101.0,1.0
0.0,58985693.0,5.0,1281.5,3.0,227000.0,2.0,15.0,-1.0,110.0,4.0,450080.0,183.0300522
0.0,58983409.0,5.0,1338.5,3.0,30000.0,2.0,15.0,5.0,110.0,4.0,71000.0,223.6067977
0.0,58992481.0,7.0,1259.0,3.0,74000.0,2.0,11.0,5.0,95.0,5.0,60036.0,207.3185954
0.0,59003975.0,4.0,1364.0,1.0,200000.0,2.0,8.0,5.0,90.0,3.0,60022.0,212.1320344
0.0,58994549.0,7.0,1281.5,2.0,90000.0,2.0,11.0,2.0,114.0,4.0,151300.0,173.20508080000002
0.0,58989033.0,7.0,1335.5,3.0,126000.0,2.0,11.0,5.0,83.0,5.0,60051.0,1.0
1.0,54986575.0,7.0,1272.5,3.0,50000.0,2.0,11.0,5.0,79.0,3.0,60011.0,1.0
0.0,54988158.0,7.0,1347.5,1.0,392000.0,2.0,11.0,4.0,114.0,4.0,60018.0,1.0
0.0,58998578.0,4.0,1191.5,3.0,50000.0,2.0,8.0,5.0,106.0,5.0,60090.0,1.0
0.0,54983799.0,5.0,1298.0,1.0,127000.0,2.0,15.0,-1.0,113.0,4.0,151300.0,1.0
0.0,58984960.0,5.0,1469.0,3.0,110000.0,2.0,15.0,5.0,82.0,5.0,350066.0,223.6067977
0.0,54989325.0,4.0,1281.5,2.0,49000.0,2.0,8.0,-1.0,113.0,4.0,72001.0,180.7235458
0.0,54988244.0,7.0,1400.0,1.0,100000.0,2.0,11.0,5.0,94.0,5.0,60028.0,205.55534530000003
1.0,58995842.0,7.0,1302.5,1.0,92000.0,2.0,11.0,-1.0,105.0,4.0,60075.0,212.1320344
0.0,58994057.0,7.0,1314.5,1.0,127000.0,2.0,11.0,-1.0,109.0,3.0,340012.0,500.0
1.0,58989594.0,7.0,1317.5,3.0,127000.0,2.0,11.0,9.0,88.0,5.0,71000.0,200.0
0.0,59002949.0,4.0,1314.5,3.0,89000.0,2.0,8.0,5.0,111.0,4.0,151009.0,1.0
0.0,59002060.0,4.0,1280.0,3.0,96000.0,2.0,8.0,9.0,112.0,4.0,60062.0,1.0
0.0,59004373.0,4.0,1287.5,1.0,139000.0,2.0,8.0,5.0,100.0,3.0,60030.0,244.94897430000003
0.0,54984810.0,5.0,1241.0,3.0,60000.0,2.0,15.0,5.0,90.0,5.0,60000.0,200.0
0.0,58988486.0,7.0,1187.0,3.0,90000.0,2.0,11.0,5.0,100.0,5.0,60093.0,1.0
0.0,58983605.0,5.0,1350.5,1.0,237000.0,2.0,15.0,8.0,86.0,3.0,60085.0,223.6067977
0.0,58991407.0,7.0,1302.5,1.0,92000.0,2.0,11.0,-1.0,105.0,4.0,591003.0,167.33200530000002
0.0,54984606.0,5.0,1205.0,3.0,61000.0,2.0,15.0,5.0,76.0,5.0,60069.0,1.0
0.0,54982353.0,1.0,1130.0,2.0,1000000.0,2.0,4.0,-1.0,100.0,5.0,650018.0,1.0
0.0,59004654.0,4.0,1352.0,1.0,168000.0,2.0,8.0,5.0,105.0,3.0,60017.0,223.6067977
0.0,58989220.0,7.0,1223.0,3.0,73000.0,2.0,11.0,9.0,111.0,4.0,350092.0,200.0
1.0,54988224.0,7.0,1235.0,3.0,101000.0,2.0,11.0,5.0,112.0,3.0,60013.0,1.0
0.0,54983094.0,5.0,1334.0,3.0,102000.0,2.0,15.0,9.0,84.0,5.0,72000.0,200.0
0.0,54992131.0,4.0,1214.0,3.0,68000.0,2.0,8.0,9.0,110.0,5.0,60091.0,1.0
1.0,58996840.0,7.0,1241.0,3.0,55000.0,2.0,11.0,9.0,113.0,4.0,151300.0,212.1320344
0.0,58998646.0,4.0,1293.5,1.0,458000.0,2.0,8.0,-1.0,75.0,5.0,340017.0,200.0
0.0,58998781.0,4.0,1382.0,3.0,76000.0,2.0,8.0,5.0,100.0,5.0,60018.0,173.20508080000002
1.0,58995151.0,7.0,1281.5,2.0,126000.0,2.0,11.0,9.0,115.0,4.0,450028.0,224.2676972
0.0,58998842.0,4.0,1323.5,1.0,103000.0,2.0,8.0,-1.0,85.0,5.0,350069.0,204.0171561
1.0,58987028.0,5.0,1206.5,3.0,49000.0,2.0,15.0,2.0,102.0,4.0,551201.0,158.11388300000002
1.0,54985084.0,7.0,1214.0,3.0,59000.0,2.0,11.0,9.0,86.0,5.0,60018.0,200.0
0.0,54982463.0,5.0,1272.5,3.0,70000.0,2.0,15.0,5.0,113.0,5.0,60033.0,167.1227094
0.0,59003131.0,4.0,1322.0,3.0,35000.0,2.0,8.0,5.0,95.0,3.0,151300.0,173.20508080000002
0.0,59002005.0,4.0,1239.5,3.0,68000.0,2.0,8.0,5.0,84.0,5.0,60052.0,1.0
0.0,58997354.0,4.0,1328.0,3.0,148000.0,2.0,8.0,2.0,110.0,5.0,60064.0,1.0
0.0,58984516.0,5.0,1371.5,3.0,82000.0,2.0,15.0,5.0,115.0,5.0,151300.0,1.0
0.0,59001893.0,4.0,1313.0,3.0,133000.0,2.0,8.0,5.0,80.0,5.0,60074.0,1.0
0.0,54983792.0,5.0,1212.5,3.0,125000.0,2.0,15.0,10.0,113.0,4.0,550005.0,187.08286930000003
0.0,59003954.0,4.0,1322.0,1.0,104000.0,2.0,8.0,5.0,114.0,3.0,60019.0,212.1320344
1.0,54986544.0,7.0,1214.0,3.0,51000.0,2.0,11.0,9.0,111.0,5.0,72000.0,1.0
0.0,58997872.0,4.0,1305.5,3.0,91000.0,2.0,8.0,2.0,95.0,5.0,60091.0,1.0
0.0,59003122.0,4.0,1278.5,3.0,115000.0,2.0,8.0,5.0,99.0,3.0,72000.0,173.20508080000002
1.0,54988011.0,7.0,1241.0,3.0,75000.0,2.0,11.0,5.0,110.0,4.0,450059.0,194.9358869
0.0,58998566.0,4.0,1281.5,3.0,304000.0,2.0,8.0,5.0,84.0,3.0,60024.0,1.0
0.0,58987375.0,5.0,1230.5,3.0,58000.0,2.0,15.0,-1.0,92.0,3.0,340020.0,122.4744871
0.0,58993203.0,7.0,1281.5,2.0,58000.0,2.0,11.0,5.0,113.0,4.0,510010.0,187.08286930000003
0.0,59004078.0,7.0,1257.5,1.0,84000.0,1.0,11.0,5.0,106.0,5.0,71000.0,173.20508080000002
1.0,59000783.0,4.0,1305.5,3.0,59000.0,2.0,8.0,5.0,113.0,4.0,72004.0,1.0
0.0,58987210.0,5.0,1223.0,3.0,90000.0,2.0,15.0,5.0,101.0,3.0,450091.0,223.6067977
0.0,54989680.0,4.0,1214.0,3.0,118000.0,2.0,8.0,5.0,110.0,4.0,71000.0,223.6067977
0.0,54990315.0,4.0,1235.0,3.0,84000.0,2.0,8.0,5.0,82.0,5.0,60044.0,1.0
0.0,58996127.0,7.0,1266.5,1.0,165000.0,2.0,11.0,5.0,111.0,3.0,60084.0,1.0
0.0,59005099.0,4.0,1304.0,1.0,100000.0,2.0,8.0,-1.0,113.0,3.0,350098.0,158.11388300000002
0.0,58991420.0,7.0,1281.5,2.0,64000.0,2.0,11.0,5.0,113.0,4.0,151009.0,159.88120590000003
0.0,58991252.0,7.0,1281.5,3.0,108000.0,1.0,11.0,-1.0,111.0,4.0,450006.0,158.11388300000002
0.0,58994510.0,7.0,1244.0,3.0,59000.0,2.0,11.0,5.0,79.0,3.0,60040.0,173.20508080000002
1.0,58985495.0,5.0,1314.5,3.0,177000.0,2.0,15.0,5.0,105.0,5.0,60059.0,1.0
0.0,58997265.0,4.0,1386.5,3.0,296000.0,2.0,9.0,5.0,109.0,5.0,151300.0,223.6067977
0.0,58995669.0,7.0,1281.5,3.0,35000.0,2.0,12.0,-1.0,86.0,3.0,650070.0,161.8548733
0.0,54992046.0,4.0,1257.5,1.0,91000.0,2.0,8.0,5.0,90.0,3.0,72000.0,1.0
0.0,59000764.0,4.0,1269.5,3.0,107000.0,1.0,8.0,9.0,81.0,3.0,60040.0,173.20508080000002
0.0,58997788.0,4.0,1304.0,3.0,60000.0,2.0,8.0,2.0,95.0,5.0,60058.0,223.6067977
0.0,58996671.0,7.0,1283.0,3.0,90000.0,2.0,11.0,5.0,85.0,5.0,60000.0,1.0
0.0,59003535.0,4.0,1281.5,2.0,139000.0,2.0,8.0,5.0,111.0,3.0,60036.0,1.0
1.0,54989200.0,4.0,1281.5,2.0,60000.0,2.0,8.0,9.0,100.0,5.0,151300.0,172.3223723
1.0,58989344.0,7.0,1265.0,3.0,70000.0,2.0,11.0,-1.0,81.0,5.0,350704.0,316.22776600000003
0.0,54988214.0,7.0,1256.0,1.0,126000.0,2.0,11.0,9.0,102.0,3.0,350705.0,158.11388300000002
0.0,58990663.0,7.0,1314.5,3.0,150000.0,2.0,11.0,10.0,113.0,4.0,60023.0,187.08286930000003
0.0,59005290.0,4.0,1320.5,1.0,138000.0,2.0,8.0,9.0,108.0,3.0,60000.0,212.407627
0.0,58982606.0,5.0,1377.5,3.0,96000.0,2.0,15.0,5.0,87.0,5.0,60044.0,207.3644135
0.0,58993672.0,7.0,1415.0,3.0,155000.0,2.0,11.0,5.0,107.0,3.0,60005.0,212.1320344
0.0,58982803.0,5.0,1272.5,3.0,143000.0,2.0,15.0,5.0,114.0,4.0,72001.0,223.6067977
0.0,58998809.0,4.0,1278.5,3.0,186000.0,2.0,8.0,5.0,100.0,5.0,72000.0,173.20508080000002
1.0,58994301.0,7.0,1254.5,3.0,100000.0,2.0,11.0,5.0,84.0,5.0,151300.0,158.11388300000002
1.0,59002746.0,4.0,1239.5,3.0,90000.0,2.0,8.0,5.0,100.0,3.0,60019.0,173.20508080000002
0.0,58999985.0,7.0,1281.5,3.0,98000.0,2.0,11.0,9.0,114.0,4.0,60019.0,1.0
0.0,58997200.0,7.0,1376.0,1.0,150000.0,2.0,11.0,-1.0,110.0,4.0,60000.0,219.2487172
0.0,54988052.0,7.0,1350.5,1.0,110000.0,2.0,11.0,-1.0,108.0,5.0,71000.0,1.0
0.0,59005852.0,4.0,1338.5,1.0,112000.0,2.0,8.0,5.0,90.0,3.0,330008.0,1.0
0.0,58986215.0,5.0,1250.0,1.0,167000.0,2.0,15.0,-1.0,90.0,5.0,450080.0,141.4213562
0.0,59002872.0,4.0,1307.0,1.0,133000.0,2.0,8.0,5.0,110.0,3.0,60043.0,1.0
0.0,58995080.0,7.0,1235.0,1.0,75000.0,2.0,11.0,5.0,91.0,5.0,350092.0,200.0
1.0,58983822.0,5.0,1308.5,3.0,30000.0,2.0,15.0,5.0,99.0,5.0,60062.0,1.0
0.0,59003155.0,4.0,1340.0,3.0,116000.0,2.0,8.0,9.0,104.0,5.0,72000.0,1.0
0.0,58999690.0,4.0,1214.0,3.0,81000.0,2.0,8.0,9.0,101.0,4.0,60040.0,1.0
0.0,58995904.0,7.0,1230.5,1.0,129000.0,2.0,11.0,5.0,88.0,3.0,60043.0,1.0
1.0,54990680.0,4.0,1241.0,3.0,60000.0,2.0,8.0,5.0,115.0,5.0,60036.0,1.0
0.0,58985627.0,5.0,1281.5,3.0,95000.0,2.0,15.0,-1.0,112.0,4.0,450006.0,173.20508080000002
0.0,58990758.0,7.0,1284.5,3.0,106000.0,2.0,11.0,9.0,104.0,4.0,60036.0,1.0
0.0,59003223.0,4.0,1308.5,1.0,35000.0,2.0,8.0,5.0,103.0,5.0,151300.0,1.0
0.0,59003779.0,4.0,1227.5,3.0,62000.0,2.0,8.0,5.0,110.0,5.0,60069.0,1.0
0.0,58987426.0,5.0,1277.0,1.0,142000.0,2.0,15.0,-1.0,111.0,4.0,450002.0,197.4841766
0.0,58993764.0,7.0,1277.0,3.0,98000.0,2.0,11.0,5.0,92.0,5.0,60036.0,1.0
1.0,58984726.0,5.0,1347.5,3.0,150000.0,2.0,15.0,5.0,110.0,5.0,72000.0,538.5387637
0.0,58986751.0,5.0,1281.5,2.0,82000.0,2.0,15.0,5.0,106.0,5.0,60058.0,1.0
0.0,58993992.0,7.0,1266.5,3.0,89000.0,2.0,11.0,5.0,89.0,3.0,60091.0,1.0
1.0,58987541.0,5.0,1268.0,3.0,91000.0,2.0,15.0,5.0,112.0,4.0,71008.0,1.0
0.0,58984801.0,5.0,1265.0,1.0,90000.0,2.0,15.0,-1.0,110.0,5.0,450018.0,187.08286930000003
0.0,58987142.0,5.0,1310.0,1.0,500000.0,2.0,15.0,5.0,103.0,5.0,452306.0,244.94897430000003
0.0,58990112.0,7.0,1290.5,1.0,99000.0,2.0,11.0,-1.0,110.0,5.0,450062.0,200.0
0.0,58987511.0,5.0,1272.5,3.0,97000.0,2.0,15.0,8.0,105.0,5.0,72000.0,1.0
0.0,58983291.0,5.0,1304.0,3.0,390000.0,2.0,15.0,5.0,91.0,5.0,60050.0,1.0
0.0,59004230.0,4.0,1277.0,3.0,100000.0,2.0,8.0,5.0,100.0,5.0,60000.0,223.6067977
0.0,59005708.0,4.0,1356.5,1.0,148000.0,2.0,8.0,5.0,83.0,3.0,60001.0,1.0
1.0,58993847.0,7.0,1262.0,3.0,172000.0,2.0,11.0,9.0,112.0,4.0,72000.0,262.11066370000003
0.0,58991194.0,7.0,1247.0,3.0,71000.0,1.0,11.0,9.0,95.0,4.0,60026.0,200.7560709
0.0,58993040.0,7.0,1235.0,3.0,89000.0,2.0,11.0,5.0,115.0,5.0,60065.0,1.0
0.0,59002016.0,4.0,1196.0,3.0,65000.0,2.0,8.0,-1.0,108.0,4.0,72001.0,1.0
1.0,58982721.0,5.0,1269.5,3.0,86000.0,2.0,15.0,9.0,89.0,5.0,60019.0,1.0
0.0,54983915.0,5.0,1256.0,3.0,110000.0,2.0,15.0,9.0,107.0,5.0,60018.0,1.0
0.0,58995594.0,7.0,1254.5,3.0,97000.0,2.0,11.0,5.0,83.0,3.0,60017.0,282.8427125
0.0,58984646.0,5.0,1239.5,3.0,78000.0,2.0,15.0,5.0,112.0,4.0,450015.0,214.4761059
0.0,54986089.0,7.0,1241.0,3.0,63000.0,2.0,11.0,5.0,107.0,5.0,72000.0,1.0
0.0,54992154.0,4.0,1341.5,1.0,91000.0,1.0,8.0,5.0,100.0,4.0,151300.0,173.6605885
0.0,59002314.0,4.0,1317.5,3.0,293000.0,2.0,8.0,5.0,100.0,5.0,60018.0,1.0
1.0,54982549.0,5.0,1326.5,3.0,30000.0,2.0,15.0,5.0,110.0,5.0,60005.0,1.0
0.0,58984702.0,5.0,1310.0,3.0,325000.0,2.0,15.0,5.0,83.0,3.0,71000.0,1.0
0.0,54983466.0,5.0,1274.0,3.0,127000.0,2.0,15.0,9.0,113.0,4.0,72001.0,212.1320344
1.0,54984241.0,5.0,1281.5,2.0,30000.0,2.0,15.0,5.0,104.0,3.0,72002.0,207.3644135
0.0,54985473.0,7.0,1317.5,3.0,150000.0,2.0,11.0,5.0,112.0,5.0,450042.0,345.7947368
0.0,54985977.0,7.0,1346.0,1.0,112000.0,2.0,11.0,5.0,85.0,5.0,60064.0,200.0
0.0,58988021.0,5.0,1277.0,1.0,101000.0,2.0,15.0,5.0,111.0,4.0,60091.0,1.0
0.0,58999931.0,4.0,1338.5,3.0,165000.0,2.0,8.0,5.0,111.0,5.0,151300.0,288.09720580000004
0.0,58992868.0,7.0,1316.0,1.0,117000.0,2.0,11.0,-1.0,110.0,5.0,361013.0,1.0
0.0,59001343.0,4.0,1272.5,3.0,170000.0,2.0,8.0,5.0,110.0,4.0,60019.0,1.0
0.0,58987886.0,5.0,1269.5,1.0,175000.0,2.0,15.0,5.0,110.0,5.0,350057.0,173.20508080000002
0.0,58999555.0,4.0,1283.0,3.0,94000.0,2.0,8.0,9.0,64.0,5.0,60017.0,1.0
0.0,54987199.0,7.0,1329.5,1.0,150000.0,2.0,11.0,-1.0,86.0,5.0,60036.0,1.0
0.0,58994324.0,7.0,1266.5,3.0,130000.0,2.0,11.0,9.0,100.0,5.0,60005.0,173.20508080000002
0.0,58987097.0,5.0,1248.5,3.0,98000.0,2.0,15.0,5.0,110.0,4.0,550003.0,178.8854382
0.0,58991130.0,7.0,1340.0,3.0,341000.0,2.0,11.0,5.0,112.0,5.0,72001.0,1.0
1.0,58982795.0,5.0,1292.0,3.0,119000.0,2.0,15.0,9.0,107.0,4.0,72001.0,187.08286930000003
0.0,58994149.0,7.0,1266.5,3.0,120000.0,1.0,11.0,9.0,110.0,3.0,60029.0,316.22776600000003
1.0,54982721.0,5.0,1281.5,2.0,90000.0,2.0,15.0,5.0,92.0,5.0,72014.0,1.0
0.0,59004716.0,4.0,1268.0,1.0,104000.0,2.0,8.0,9.0,95.0,5.0,60027.0,1.0
1.0,54988411.0,7.0,1242.5,3.0,56000.0,2.0,11.0,5.0,113.0,4.0,151300.0,1.0
1.0,58993621.0,7.0,1272.5,3.0,80000.0,2.0,11.0,9.0,86.0,4.0,60043.0,1.0
0.0,59003358.0,4.0,1281.5,2.0,57000.0,2.0,8.0,-1.0,100.0,3.0,72000.0,194.1829035
0.0,58991973.0,7.0,1298.0,1.0,71000.0,2.0,11.0,-1.0,113.0,4.0,72000.0,1.0
0.0,59002553.0,4.0,1298.0,3.0,101000.0,2.0,8.0,9.0,105.0,3.0,60052.0,212.1320344
0.0,58997580.0,4.0,1281.5,2.0,126000.0,2.0,8.0,-1.0,109.0,5.0,330012.0,1.0
0.0,58995727.0,7.0,1214.0,3.0,58000.0,2.0,11.0,5.0,112.0,4.0,71006.0,1.0
1.0,59001882.0,7.0,1355.0,3.0,94000.0,2.0,11.0,5.0,114.0,4.0,510044.0,216.3816074
1.0,58995389.0,7.0,1289.0,1.0,107000.0,2.0,11.0,5.0,102.0,3.0,151300.0,1.0
0.0,54988373.0,7.0,1295.0,1.0,116000.0,2.0,11.0,9.0,108.0,4.0,151300.0,1.0
0.0,58991722.0,7.0,1308.5,3.0,143000.0,2.0,11.0,5.0,100.0,3.0,151009.0,173.20508080000002
0.0,58990958.0,7.0,1281.5,2.0,53000.0,2.0,11.0,5.0,105.0,4.0,151307.0,186.2229846
1.0,54985687.0,7.0,1188.5,3.0,90000.0,2.0,11.0,5.0,98.0,5.0,60017.0,1.0
0.0,59000104.0,4.0,1290.5,1.0,118000.0,1.0,8.0,5.0,100.0,5.0,60023.0,141.4213562
1.0,58986809.0,5.0,1305.5,3.0,35000.0,2.0,15.0,9.0,115.0,4.0,72000.0,1.0
0.0,58993548.0,7.0,1230.5,3.0,114000.0,2.0,11.0,5.0,112.0,4.0,72000.0,254.9509757
0.0,54986879.0,7.0,1281.5,2.0,179000.0,2.0,11.0,5.0,113.0,4.0,450002.0,267.58176319999995
0.0,54983822.0,5.0,1281.5,3.0,94000.0,2.0,15.0,5.0,113.0,4.0,60057.0,193.6362569
0.0,59004621.0,4.0,1287.5,3.0,110000.0,2.0,8.0,9.0,80.0,5.0,151300.0,1.0
0.0,54990474.0,4.0,1290.5,1.0,103000.0,2.0,8.0,9.0,112.0,4.0,60084.0,176.0681686
1.0,58985009.0,5.0,1367.0,3.0,167000.0,2.0,15.0,5.0,95.0,5.0,60021.0,244.94897430000003
0.0,58993402.0,7.0,1419.5,1.0,89000.0,2.0,11.0,5.0,110.0,3.0,350060.0,337.106808
0.0,58982806.0,5.0,1307.0,3.0,91000.0,2.0,15.0,5.0,110.0,5.0,60023.0,200.0
1.0,58982754.0,5.0,1322.0,3.0,195000.0,2.0,15.0,5.0,90.0,3.0,60033.0,240.8318916
0.0,58986146.0,5.0,1250.0,3.0,93000.0,2.0,15.0,7.0,111.0,5.0,350062.0,244.94897430000003
0.0,59001898.0,4.0,1179.5,3.0,56000.0,2.0,8.0,5.0,99.0,3.0,72000.0,234.520788
0.0,59004966.0,4.0,1281.5,2.0,39000.0,2.0,8.0,5.0,113.0,4.0,72015.0,172.4731863
0.0,58987077.0,5.0,1269.5,1.0,77000.0,1.0,15.0,-1.0,84.0,5.0,450000.0,167.33200530000002
0.0,59004141.0,4.0,1316.0,1.0,127000.0,2.0,8.0,-1.0,95.0,5.0,330013.0,1.0
0.0,58992060.0,7.0,1272.5,1.0,229000.0,2.0,11.0,-1.0,112.0,3.0,450000.0,173.20508080000002
1.0,58990934.0,7.0,1262.0,3.0,151000.0,2.0,11.0,5.0,114.0,4.0,510102.0,251.968252
0.0,58983730.0,5.0,1443.5,3.0,155000.0,1.0,15.0,5.0,104.0,5.0,60000.0,254.9509757
0.0,58988129.0,5.0,1187.0,3.0,102000.0,2.0,15.0,5.0,113.0,4.0,450081.0,197.4841766
0.0,59000510.0,4.0,1338.5,1.0,107000.0,2.0,8.0,9.0,82.0,5.0,151300.0,1.0
0.0,59000066.0,4.0,1281.5,2.0,259000.0,1.0,8.0,5.0,110.0,4.0,72000.0,200.0
0.0,58984937.0,5.0,1296.5,1.0,130000.0,2.0,15.0,-1.0,86.0,4.0,60018.0,158.11388300000002
1.0,58996558.0,7.0,1355.0,1.0,160000.0,2.0,11.0,5.0,84.0,3.0,151304.0,173.20508080000002
0.0,59003949.0,4.0,1253.0,1.0,468000.0,2.0,8.0,5.0,81.0,5.0,60016.0,204.9390153
0.0,58991249.0,7.0,1296.5,3.0,138000.0,1.0,11.0,5.0,100.0,5.0,60027.0,158.11388300000002
0.0,54988614.0,7.0,1281.5,2.0,106000.0,2.0,11.0,-1.0,90.0,5.0,60033.0,1.0
1.0,59003162.0,4.0,1281.5,2.0,50000.0,2.0,8.0,5.0,87.0,5.0,60033.0,167.934511
1.0,58987961.0,5.0,1302.5,1.0,177000.0,2.0,15.0,9.0,80.0,3.0,371200.0,158.11388300000002
0.0,54989304.0,4.0,1238.0,3.0,125000.0,2.0,8.0,9.0,85.0,5.0,60002.0,1.0
0.0,58983307.0,5.0,1214.0,3.0,56000.0,2.0,15.0,5.0,101.0,5.0,60064.0,192.1639925
0.0,54989018.0,4.0,1281.5,2.0,45000.0,2.0,8.0,5.0,85.0,4.0,151307.0,172.1307642
1.0,58989056.0,7.0,1290.5,3.0,113000.0,2.0,11.0,5.0,109.0,5.0,60091.0,204.9390153
0.0,58991324.0,7.0,1245.5,3.0,58000.0,2.0,11.0,5.0,101.0,5.0,60058.0,200.0
0.0,58982668.0,5.0,1316.0,3.0,500000.0,2.0,15.0,5.0,104.0,5.0,72000.0,316.22776600000003
0.0,59002933.0,4.0,1281.5,2.0,97000.0,2.0,8.0,5.0,110.0,4.0,72001.0,196.3644571
0.0,54985624.0,7.0,1332.5,3.0,98000.0,2.0,11.0,5.0,107.0,5.0,60033.0,262.12783140000005
0.0,58991302.0,7.0,1290.5,1.0,108000.0,1.0,11.0,5.0,95.0,5.0,60064.0,1.0
0.0,58988871.0,7.0,1259.0,3.0,147000.0,2.0,11.0,9.0,110.0,5.0,350029.0,421.0700654
1.0,59000336.0,4.0,1281.5,2.0,446000.0,2.0,8.0,-1.0,90.0,5.0,60014.0,1.0
0.0,58998876.0,4.0,1245.5,3.0,87000.0,2.0,8.0,5.0,112.0,5.0,60033.0,222.1328431
0.0,58983272.0,5.0,1296.5,3.0,148000.0,2.0,15.0,5.0,100.0,4.0,60023.0,187.08286930000003
0.0,58991823.0,7.0,1281.5,2.0,75000.0,2.0,11.0,9.0,111.0,4.0,151009.0,173.20508080000002
0.0,58997994.0,4.0,1349.0,3.0,139000.0,2.0,8.0,5.0,109.0,5.0,151304.0,212.1320344
0.0,58989132.0,7.0,1319.0,3.0,88000.0,2.0,11.0,5.0,114.0,4.0,151300.0,228.4513077
0.0,54984671.0,5.0,1301.0,1.0,114000.0,2.0,15.0,5.0,106.0,3.0,351106.0,187.08286930000003
1.0,59005571.0,4.0,1241.0,3.0,60000.0,2.0,8.0,5.0,107.0,3.0,151300.0,187.08286930000003
0.0,58993796.0,7.0,1397.0,1.0,131000.0,2.0,11.0,5.0,95.0,5.0,60001.0,1.0
0.0,54983353.0,5.0,1224.5,3.0,56000.0,2.0,15.0,5.0,113.0,4.0,151307.0,1.0
1.0,54987489.0,7.0,1307.0,1.0,182000.0,2.0,11.0,-1.0,101.0,5.0,350052.0,200.0
0.0,54988427.0,7.0,1236.5,1.0,150000.0,2.0,11.0,9.0,110.0,4.0,450000.0,212.1320344
1.0,59000077.0,4.0,1305.5,3.0,128000.0,2.0,8.0,5.0,114.0,4.0,72000.0,291.1889421
0.0,59004521.0,4.0,1305.5,1.0,117000.0,2.0,8.0,5.0,112.0,5.0,60029.0,1.0
1.0,54990604.0,4.0,1238.0,3.0,75000.0,2.0,8.0,5.0,104.0,4.0,72001.0,1.0
0.0,54984913.0,5.0,1229.0,3.0,50000.0,2.0,15.0,9.0,110.0,5.0,450071.0,200.0
0.0,58984889.0,5.0,1305.5,3.0,130000.0,2.0,15.0,5.0,100.0,5.0,60016.0,1.0
1.0,58991158.0,7.0,1205.0,3.0,77000.0,2.0,11.0,-1.0,85.0,5.0,151300.0,273.86127880000004
0.0,58985548.0,5.0,1266.5,3.0,82000.0,2.0,15.0,9.0,114.0,1.0,60047.0,200.0
1.0,54982387.0,2.0,1349.0,1.0,286000.0,2.0,3.0,-1.0,80.0,3.0,361003.0,1.0
0.0,58989891.0,7.0,1281.5,2.0,63000.0,2.0,11.0,5.0,84.0,5.0,60019.0,158.11388300000002
0.0,54988581.0,7.0,1247.0,3.0,66000.0,2.0,11.0,-1.0,109.0,5.0,60041.0,1.0
0.0,54987763.0,7.0,1232.0,1.0,96000.0,2.0,11.0,9.0,88.0,5.0,151300.0,233.520877
0.0,54985320.0,7.0,1367.0,1.0,80000.0,2.0,12.0,-1.0,112.0,5.0,60000.0,245.58501580000004
0.0,59005275.0,4.0,1298.0,1.0,165000.0,2.0,8.0,9.0,90.0,3.0,72000.0,234.4504212
1.0,58987220.0,5.0,1259.0,3.0,94000.0,2.0,15.0,9.0,105.0,3.0,350063.0,200.0
0.0,58995903.0,7.0,1233.5,3.0,78000.0,2.0,11.0,5.0,105.0,3.0,60036.0,1.0
0.0,59000498.0,4.0,1352.0,1.0,128000.0,2.0,8.0,5.0,72.0,3.0,60058.0,1.0
0.0,58993744.0,7.0,1370.0,3.0,394000.0,2.0,11.0,5.0,112.0,5.0,510009.0,445.0382006
1.0,59003325.0,4.0,1325.0,1.0,126000.0,2.0,8.0,9.0,106.0,5.0,71003.0,1.0
1.0,59002803.0,4.0,1295.0,1.0,35000.0,2.0,8.0,5.0,90.0,3.0,151300.0,1.0
0.0,59003192.0,4.0,1329.5,1.0,181000.0,2.0,8.0,5.0,111.0,3.0,340017.0,223.6067977
0.0,58990897.0,7.0,1310.0,3.0,128000.0,2.0,11.0,9.0,105.0,5.0,60052.0,223.6067977
0.0,59004828.0,4.0,1274.0,1.0,132000.0,2.0,8.0,5.0,107.0,3.0,60016.0,202.4845673
0.0,58993767.0,7.0,1326.5,1.0,91000.0,1.0,11.0,9.0,106.0,4.0,450080.0,291.5475947
1.0,58989746.0,7.0,1334.0,3.0,86000.0,2.0,11.0,5.0,113.0,5.0,510065.0,168.5140944
0.0,54986167.0,7.0,1256.0,3.0,130000.0,1.0,11.0,9.0,105.0,5.0,60058.0,187.08286930000003
0.0,59001201.0,4.0,1320.5,1.0,122000.0,2.0,8.0,5.0,103.0,5.0,60046.0,1.0
0.0,59001692.0,4.0,1257.5,1.0,110000.0,2.0,8.0,5.0,89.0,3.0,350063.0,189.7366596
0.0,59000231.0,4.0,1425.5,3.0,146000.0,2.0,8.0,5.0,113.0,5.0,60062.0,1.0
0.0,58997422.0,4.0,1248.5,3.0,50000.0,2.0,8.0,-1.0,100.0,3.0,332345.0,387.2983346
0.0,54985176.0,7.0,1328.0,3.0,71000.0,2.0,11.0,5.0,109.0,5.0,60004.0,444.4738462
0.0,58995493.0,7.0,1281.5,2.0,73000.0,2.0,11.0,9.0,109.0,3.0,151300.0,189.8051633
0.0,59002534.0,4.0,1242.5,3.0,70000.0,1.0,8.0,5.0,103.0,3.0,60040.0,181.6590212
0.0,58995172.0,7.0,1263.5,3.0,35000.0,2.0,12.0,-1.0,115.0,4.0,350012.0,271.11621119999995
0.0,59000340.0,4.0,1313.0,3.0,98000.0,1.0,8.0,9.0,103.0,5.0,151300.0,173.20508080000002
1.0,58982978.0,5.0,1322.0,3.0,30000.0,2.0,15.0,5.0,91.0,5.0,60047.0,164.3167673
1.0,59002226.0,4.0,1281.5,2.0,48000.0,1.0,8.0,5.0,101.0,5.0,72000.0,165.37533069999998
1.0,58993990.0,7.0,1263.5,3.0,53000.0,2.0,11.0,5.0,111.0,5.0,60095.0,1.0
0.0,58983850.0,5.0,1221.5,3.0,97000.0,2.0,15.0,9.0,109.0,4.0,72001.0,263.3097036
0.0,58995787.0,7.0,1289.0,3.0,68000.0,1.0,11.0,5.0,86.0,3.0,60016.0,173.20508080000002
1.0,54984978.0,5.0,1281.5,2.0,58000.0,2.0,15.0,5.0,95.0,3.0,60075.0,212.1320344
0.0,58988287.0,5.0,1307.0,1.0,39000.0,2.0,15.0,9.0,114.0,4.0,450016.0,160.44625269999997
0.0,58992687.0,7.0,1281.5,3.0,72000.0,2.0,11.0,-1.0,107.0,4.0,450048.0,141.4213562
0.0,54989469.0,4.0,1190.0,3.0,128000.0,2.0,8.0,5.0,105.0,5.0,72000.0,1.0
0.0,59002231.0,4.0,1353.5,3.0,125000.0,2.0,8.0,9.0,107.0,5.0,60093.0,1.0
0.0,54984717.0,5.0,1257.5,3.0,35000.0,2.0,15.0,-1.0,89.0,5.0,60005.0,1.0
1.0,58982857.0,5.0,1272.5,3.0,76000.0,2.0,15.0,5.0,104.0,5.0,60084.0,1.0
1.0,54983561.0,5.0,1281.5,2.0,47000.0,2.0,15.0,5.0,112.0,4.0,510037.0,175.8266191
0.0,58993789.0,7.0,1238.0,3.0,59000.0,2.0,11.0,9.0,112.0,5.0,60000.0,1.0
1.0,54985654.0,7.0,1280.0,3.0,120000.0,2.0,11.0,5.0,115.0,5.0,151300.0,218.604666
0.0,54989251.0,4.0,1263.5,3.0,100000.0,2.0,8.0,5.0,64.0,5.0,60047.0,1.0
0.0,59003000.0,4.0,1293.5,1.0,149000.0,2.0,8.0,-1.0,96.0,3.0,60023.0,1.0
1.0,54987040.0,7.0,1190.0,3.0,95000.0,2.0,11.0,5.0,88.0,3.0,60019.0,1.0
0.0,54985988.0,7.0,1262.0,1.0,104000.0,2.0,11.0,8.0,107.0,4.0,60045.0,1.0
0.0,58986533.0,5.0,1358.0,1.0,101000.0,2.0,15.0,-1.0,111.0,5.0,72000.0,1.0
0.0,58982387.0,1.0,1217.0,2.0,300000.0,2.0,4.0,-1.0,79.0,5.0,550007.0,1.0
1.0,58984255.0,5.0,1223.0,3.0,50000.0,2.0,15.0,5.0,89.0,3.0,151300.0,1.0
0.0,54988697.0,7.0,1287.5,1.0,88000.0,2.0,11.0,-1.0,113.0,4.0,71003.0,1.0
1.0,54982856.0,5.0,1361.0,3.0,30000.0,1.0,15.0,5.0,110.0,5.0,60033.0,264.5751311
0.0,58988923.0,7.0,1223.0,3.0,68000.0,1.0,11.0,5.0,84.0,5.0,60014.0,158.11388300000002
0.0,59004856.0,4.0,1281.5,2.0,99000.0,2.0,8.0,5.0,90.0,3.0,60036.0,188.0664776
0.0,54990128.0,4.0,1281.5,2.0,105000.0,2.0,8.0,9.0,110.0,5.0,72000.0,187.0561413
0.0,54986034.0,7.0,1298.0,1.0,114000.0,2.0,11.0,5.0,103.0,3.0,60014.0,173.20508080000002
1.0,54986429.0,7.0,1326.5,3.0,208000.0,2.0,11.0,5.0,105.0,4.0,510070.0,279.6640842
0.0,58988867.0,7.0,1170.5,3.0,71000.0,2.0,11.0,5.0,111.0,4.0,151307.0,200.0
0.0,54987401.0,7.0,1325.0,1.0,50000.0,2.0,12.0,-1.0,105.0,5.0,350012.0,225.2287726
0.0,59002062.0,4.0,1320.5,1.0,123000.0,2.0,8.0,5.0,105.0,3.0,332444.0,1.0
0.0,59001353.0,4.0,1256.0,3.0,120000.0,2.0,8.0,5.0,105.0,5.0,72015.0,1.0
0.0,58996494.0,7.0,1304.0,1.0,98000.0,2.0,11.0,5.0,113.0,4.0,151300.0,180.2775638
0.0,58987161.0,5.0,1281.5,2.0,48000.0,2.0,15.0,5.0,107.0,4.0,450008.0,178.0056179
0.0,54983470.0,5.0,1238.0,3.0,104000.0,2.0,15.0,7.0,110.0,4.0,450075.0,243.0370342
0.0,59004000.0,4.0,1214.0,3.0,82000.0,1.0,8.0,5.0,100.0,5.0,60019.0,167.33200530000002
0.0,58992602.0,7.0,1368.5,3.0,390000.0,2.0,11.0,5.0,101.0,5.0,60024.0,173.20508080000002
0.0,54985177.0,7.0,1262.0,3.0,121000.0,2.0,11.0,5.0,106.0,5.0,151300.0,387.356425
0.0,58990273.0,7.0,1362.5,3.0,83000.0,2.0,11.0,9.0,100.0,4.0,151300.0,174.2067737
0.0,54988633.0,7.0,1253.0,1.0,50000.0,2.0,11.0,5.0,112.0,4.0,72049.0,184.3637708
0.0,54986068.0,7.0,1220.0,3.0,263000.0,2.0,11.0,9.0,90.0,2.0,151300.0,1.0
0.0,58987963.0,5.0,1236.5,1.0,52000.0,2.0,15.0,5.0,112.0,4.0,550009.0,172.61517890000002
0.0,54985523.0,7.0,1223.0,3.0,97000.0,2.0,11.0,5.0,109.0,3.0,450003.0,187.08286930000003
0.0,58999697.0,4.0,1290.5,3.0,140000.0,2.0,8.0,9.0,101.0,5.0,60063.0,1.0
0.0,59002213.0,4.0,1305.5,1.0,123000.0,2.0,8.0,5.0,106.0,3.0,330008.0,1.0
0.0,54983331.0,5.0,1241.0,3.0,30000.0,2.0,15.0,5.0,80.0,5.0,60006.0,1.0
0.0,58998938.0,4.0,1397.0,3.0,191000.0,2.0,8.0,9.0,114.0,4.0,72000.0,300.4080558
0.0,54990331.0,4.0,1314.5,1.0,177000.0,2.0,8.0,-1.0,112.0,5.0,60000.0,200.0
0.0,59000853.0,4.0,1305.5,1.0,118000.0,2.0,8.0,9.0,112.0,4.0,151300.0,223.6067977
0.0,59001863.0,4.0,1223.0,3.0,77000.0,2.0,8.0,9.0,111.0,5.0,72000.0,1.0
0.0,58993710.0,7.0,1304.0,1.0,130000.0,2.0,11.0,5.0,111.0,4.0,450046.0,223.6067977
0.0,54987936.0,7.0,1223.0,3.0,72000.0,2.0,11.0,-1.0,114.0,5.0,151300.0,167.33200530000002
0.0,59002170.0,4.0,1256.0,3.0,141000.0,2.0,8.0,5.0,84.0,3.0,60031.0,223.6067977
0.0,58996882.0,7.0,1233.5,3.0,59000.0,2.0,11.0,5.0,91.0,3.0,450052.0,387.2983346
0.0,58990235.0,7.0,1281.5,1.0,304000.0,2.0,11.0,-1.0,111.0,4.0,450001.0,244.94897430000003
1.0,54989257.0,4.0,1242.5,3.0,56000.0,2.0,8.0,-1.0,85.0,5.0,330007.0,1.0
1.0,58994340.0,7.0,1281.5,1.0,75000.0,2.0,11.0,5.0,87.0,5.0,72049.0,1.0
0.0,58989150.0,7.0,1328.0,3.0,182000.0,2.0,11.0,5.0,98.0,5.0,72001.0,173.20508080000002
1.0,58995703.0,7.0,1281.5,3.0,75000.0,2.0,11.0,9.0,100.0,5.0,450018.0,353.55339060000006
0.0,59004349.0,7.0,1277.0,1.0,119000.0,1.0,11.0,5.0,105.0,3.0,72000.0,217.4741364
0.0,58990289.0,7.0,1335.5,3.0,185000.0,2.0,11.0,5.0,100.0,5.0,351106.0,212.1320344
0.0,59001124.0,4.0,1239.5,3.0,85000.0,2.0,8.0,5.0,66.0,5.0,72000.0,1.0
1.0,58993373.0,7.0,1299.5,1.0,135000.0,2.0,11.0,5.0,87.0,3.0,350705.0,187.08286930000003
1.0,59001563.0,4.0,1214.0,3.0,56000.0,2.0,8.0,5.0,109.0,3.0,151300.0,200.0
0.0,59000457.0,4.0,1281.5,2.0,90000.0,2.0,8.0,5.0,111.0,4.0,72001.0,188.9259114
0.0,58994986.0,7.0,1298.0,1.0,128000.0,2.0,11.0,5.0,92.0,5.0,151300.0,173.20508080000002
0.0,58988758.0,7.0,1419.5,3.0,61000.0,2.0,11.0,5.0,80.0,5.0,151300.0,200.4594722
0.0,54984214.0,5.0,1241.0,3.0,51000.0,2.0,15.0,5.0,88.0,5.0,151300.0,1.0
0.0,54987487.0,7.0,1304.0,3.0,135000.0,2.0,11.0,5.0,90.0,3.0,550109.0,282.8427125
0.0,58991921.0,7.0,1301.0,1.0,75000.0,2.0,11.0,7.0,112.0,4.0,72000.0,1.0
0.0,58990850.0,7.0,1266.5,3.0,110000.0,1.0,11.0,5.0,99.0,5.0,151300.0,173.20508080000002
1.0,59005881.0,4.0,1281.5,2.0,94000.0,2.0,8.0,-1.0,113.0,4.0,72000.0,1.0
0.0,54983307.0,5.0,1269.5,1.0,180000.0,1.0,15.0,5.0,90.0,3.0,151009.0,173.20508080000002
1.0,58988200.0,5.0,1308.5,3.0,39000.0,2.0,15.0,5.0,82.0,3.0,450018.0,159.9843742
0.0,59001184.0,4.0,1304.0,3.0,35000.0,2.0,8.0,9.0,90.0,5.0,60047.0,1.0
0.0,54985410.0,7.0,1304.0,3.0,290000.0,2.0,11.0,5.0,111.0,4.0,60000.0,310.3836336
0.0,58993739.0,7.0,1307.0,1.0,80000.0,2.0,11.0,5.0,95.0,5.0,60026.0,1.0
0.0,58988886.0,7.0,1235.0,3.0,68000.0,2.0,11.0,5.0,110.0,5.0,450017.0,187.08286930000003
0.0,54989788.0,4.0,1277.0,1.0,162000.0,2.0,8.0,5.0,85.0,5.0,151304.0,212.1320344
1.0,58998919.0,4.0,1253.0,3.0,84000.0,2.0,8.0,5.0,107.0,4.0,72001.0,173.20508080000002
0.0,58988250.0,5.0,1242.5,3.0,30000.0,2.0,15.0,5.0,80.0,3.0,60050.0,200.0
1.0,58994121.0,7.0,1241.0,3.0,65000.0,2.0,11.0,9.0,110.0,3.0,151011.0,1.0
0.0,58983271.0,5.0,1116.5,3.0,214000.0,2.0,15.0,9.0,112.0,4.0,60019.0,200.0
0.0,58998637.0,4.0,1287.5,3.0,113000.0,2.0,8.0,5.0,110.0,4.0,151300.0,1.0
0.0,54983719.0,5.0,1251.5,3.0,106000.0,2.0,15.0,5.0,83.0,5.0,350012.0,223.6067977
0.0,54992448.0,7.0,1350.5,1.0,137000.0,2.0,11.0,5.0,100.0,3.0,60048.0,178.8854382
0.0,58986051.0,5.0,1305.5,3.0,72000.0,2.0,15.0,5.0,100.0,5.0,151300.0,1.0
0.0,58983865.0,5.0,1388.0,3.0,75000.0,2.0,15.0,5.0,113.0,5.0,450027.0,222.2970985
0.0,58996591.0,7.0,1320.5,1.0,123000.0,2.0,11.0,5.0,113.0,4.0,60091.0,1.0
1.0,58988697.0,7.0,1281.5,2.0,50000.0,2.0,11.0,5.0,112.0,5.0,72000.0,181.5543996
0.0,58994114.0,7.0,1376.0,3.0,142000.0,1.0,11.0,5.0,99.0,3.0,151300.0,223.6067977
1.0,54985076.0,7.0,1365.5,3.0,143000.0,2.0,11.0,5.0,83.0,3.0,60011.0,202.4845673
0.0,59003842.0,4.0,1239.5,1.0,72000.0,1.0,8.0,5.0,89.0,5.0,60084.0,173.20508080000002
0.0,59004857.0,4.0,1223.0,3.0,56000.0,2.0,8.0,9.0,110.0,3.0,151009.0,1.0
1.0,58999186.0,4.0,1274.0,3.0,388000.0,2.0,8.0,9.0,111.0,5.0,72000.0,1.0
0.0,58995478.0,7.0,1301.0,1.0,77000.0,2.0,11.0,5.0,95.0,3.0,450000.0,173.20508080000002
1.0,54987857.0,7.0,1323.5,1.0,152000.0,2.0,11.0,5.0,98.0,5.0,151008.0,1.0
0.0,58988212.0,5.0,1227.5,3.0,35000.0,2.0,15.0,4.0,105.0,5.0,510099.0,316.22776600000003
1.0,58983297.0,5.0,1299.5,3.0,30000.0,2.0,15.0,5.0,95.0,5.0,71000.0,200.0
0.0,58999263.0,4.0,1317.5,3.0,81000.0,2.0,8.0,5.0,90.0,5.0,60038.0,1.0
0.0,59002046.0,4.0,1259.0,3.0,35000.0,2.0,8.0,5.0,90.0,5.0,60017.0,1.0
0.0,58994346.0,7.0,1298.0,1.0,100000.0,2.0,11.0,9.0,112.0,4.0,552104.0,178.8854382
0.0,58989956.0,7.0,1284.5,1.0,82000.0,2.0,11.0,-1.0,103.0,4.0,450019.0,214.4761059
0.0,58992457.0,7.0,1284.5,3.0,144000.0,2.0,11.0,4.0,96.0,3.0,71002.0,1.0
0.0,58990986.0,7.0,1334.0,3.0,108000.0,2.0,11.0,5.0,90.0,3.0,60092.0,223.6067977
0.0,58995052.0,7.0,1314.5,1.0,97000.0,2.0,11.0,9.0,90.0,3.0,60005.0,221.3594362
0.0,59005496.0,4.0,1298.0,1.0,35000.0,2.0,8.0,5.0,103.0,5.0,60028.0,200.0
0.0,54988030.0,7.0,1278.5,3.0,131000.0,2.0,11.0,5.0,110.0,3.0,60001.0,1.0
0.0,54987756.0,7.0,1257.5,3.0,144000.0,2.0,11.0,5.0,114.0,3.0,60028.0,1.0
0.0,54982697.0,5.0,1320.5,3.0,130000.0,2.0,15.0,5.0,85.0,5.0,60047.0,212.1320344
1.0,54987300.0,7.0,1125.5,3.0,79000.0,2.0,11.0,-1.0,107.0,5.0,450007.0,187.08286930000003
0.0,58993803.0,7.0,1281.5,2.0,370000.0,2.0,11.0,-1.0,85.0,3.0,350096.0,351.0911563
1.0,58985008.0,5.0,1259.0,3.0,121000.0,2.0,15.0,5.0,91.0,5.0,60064.0,1.0
0.0,59005917.0,4.0,1266.5,1.0,104000.0,2.0,8.0,-1.0,92.0,5.0,60036.0,1.0
0.0,59005740.0,4.0,1266.5,1.0,191000.0,2.0,8.0,5.0,85.0,3.0,72000.0,1.0
0.0,58994607.0,7.0,1377.5,3.0,78000.0,1.0,11.0,5.0,100.0,3.0,60017.0,173.20508080000002
1.0,58986784.0,5.0,1242.5,3.0,75000.0,2.0,15.0,5.0,109.0,4.0,510020.0,173.20508080000002
0.0,58994215.0,7.0,1352.0,1.0,142000.0,2.0,11.0,9.0,111.0,4.0,60036.0,1.0
1.0,58993369.0,7.0,1308.5,1.0,134000.0,2.0,11.0,5.0,95.0,5.0,151009.0,1.0
0.0,59004587.0,4.0,1265.0,1.0,120000.0,2.0,8.0,5.0,105.0,3.0,71000.0,1.0
0.0,54985606.0,7.0,1320.5,1.0,140000.0,2.0,11.0,-1.0,108.0,4.0,550039.0,189.7366596
1.0,58991789.0,7.0,1304.0,3.0,63000.0,2.0,11.0,5.0,110.0,4.0,60095.0,223.6067977
0.0,59003935.0,4.0,1308.5,1.0,125000.0,1.0,8.0,5.0,104.0,3.0,72000.0,181.6590212
0.0,58990417.0,7.0,1283.0,3.0,146000.0,2.0,11.0,5.0,110.0,4.0,151300.0,241.5491668
0.0,59004284.0,4.0,1316.0,1.0,143000.0,2.0,8.0,5.0,77.0,3.0,60061.0,1.0
0.0,59000822.0,4.0,1275.5,3.0,284000.0,2.0,8.0,5.0,107.0,5.0,60000.0,1.0
1.0,54986977.0,7.0,1281.5,2.0,77000.0,2.0,11.0,5.0,83.0,3.0,60000.0,174.93141509999998
0.0,54986897.0,7.0,1367.0,3.0,234000.0,2.0,11.0,5.0,113.0,5.0,591044.0,1.0
0.0,58985717.0,5.0,1211.0,3.0,97000.0,2.0,15.0,5.0,86.0,5.0,151300.0,1.0
0.0,58999934.0,4.0,1293.5,1.0,114000.0,2.0,8.0,5.0,111.0,4.0,72001.0,1.0
0.0,58999868.0,4.0,1275.5,3.0,136000.0,2.0,8.0,5.0,113.0,4.0,60000.0,1.0
1.0,54991896.0,4.0,1328.0,1.0,150000.0,2.0,8.0,5.0,107.0,3.0,332414.0,1.0
1.0,58989341.0,7.0,1241.0,3.0,56000.0,1.0,11.0,5.0,103.0,4.0,151300.0,158.11388300000002
0.0,58987931.0,5.0,1311.5,1.0,215000.0,2.0,15.0,5.0,110.0,3.0,350020.0,219.089023
0.0,58996991.0,7.0,1197.5,3.0,63000.0,2.0,11.0,-1.0,93.0,5.0,72000.0,1.0
0.0,58984336.0,5.0,1245.5,3.0,100000.0,2.0,15.0,2.0,90.0,5.0,60028.0,204.9390153
0.0,59003959.0,4.0,1281.5,2.0,57000.0,2.0,8.0,5.0,107.0,5.0,151300.0,194.9358869
0.0,54986232.0,7.0,1272.5,3.0,138000.0,2.0,11.0,5.0,71.0,3.0,60023.0,1.0
0.0,58995487.0,7.0,1239.5,1.0,108000.0,2.0,11.0,5.0,110.0,4.0,60004.0,200.0
0.0,54987789.0,7.0,1289.0,3.0,130000.0,2.0,11.0,9.0,84.0,3.0,60019.0,1.0
0.0,54987682.0,7.0,1290.5,1.0,119000.0,2.0,11.0,9.0,114.0,4.0,591017.0,1.0
0.0,58997954.0,4.0,1227.5,1.0,110000.0,2.0,8.0,-1.0,98.0,5.0,361036.0,1.0
0.0,58992934.0,7.0,1281.5,2.0,59000.0,2.0,11.0,5.0,111.0,4.0,72001.0,182.9699429
0.0,59005240.0,4.0,1253.0,1.0,97000.0,2.0,8.0,5.0,115.0,3.0,60034.0,1.0
0.0,59002429.0,4.0,1281.5,2.0,104000.0,2.0,8.0,5.0,108.0,5.0,151306.0,185.67444630000003
0.0,58998029.0,4.0,1244.0,3.0,107000.0,2.0,8.0,5.0,112.0,5.0,60017.0,3.16227766
1.0,58997951.0,4.0,1230.5,3.0,125000.0,2.0,8.0,9.0,109.0,5.0,71002.0,316.22776600000003
0.0,59001297.0,4.0,1233.5,1.0,190000.0,1.0,8.0,-1.0,85.0,3.0,60064.0,1.0
0.0,58999688.0,4.0,1281.5,2.0,130000.0,2.0,8.0,5.0,73.0,5.0,60024.0,207.8605302
0.0,58993467.0,7.0,1257.5,3.0,95000.0,1.0,11.0,4.0,111.0,4.0,450015.0,244.94897430000003
0.0,54992451.0,7.0,1302.5,1.0,105000.0,2.0,11.0,5.0,95.0,3.0,60000.0,1.0
0.0,58995813.0,7.0,1230.5,3.0,57000.0,2.0,11.0,9.0,108.0,4.0,450015.0,170.29386369999995
0.0,54987083.0,7.0,1245.5,3.0,110000.0,2.0,11.0,5.0,100.0,4.0,71000.0,1.0
0.0,54989065.0,4.0,1244.0,3.0,97000.0,2.0,8.0,5.0,99.0,5.0,60091.0,164.3167673
0.0,58987512.0,5.0,1302.5,3.0,211000.0,2.0,15.0,5.0,87.0,3.0,72000.0,1.0
0.0,54987747.0,7.0,1281.5,2.0,50000.0,1.0,11.0,5.0,100.0,4.0,60075.0,182.2086716
0.0,58993064.0,7.0,1320.5,1.0,145000.0,2.0,11.0,5.0,100.0,5.0,330012.0,1.0
0.0,58995532.0,7.0,1304.0,3.0,129000.0,2.0,11.0,5.0,103.0,3.0,151300.0,161.245155
0.0,58996590.0,7.0,1287.5,1.0,152000.0,2.0,11.0,5.0,108.0,5.0,151300.0,1.0
0.0,54986029.0,7.0,1281.5,2.0,127000.0,2.0,11.0,-1.0,110.0,4.0,450063.0,200.0
0.0,58998989.0,4.0,1214.0,3.0,51000.0,2.0,8.0,5.0,104.0,5.0,151300.0,173.20508080000002
0.0,54986274.0,7.0,1262.0,3.0,106000.0,2.0,11.0,9.0,109.0,4.0,450002.0,173.20508080000002
0.0,54985821.0,7.0,1277.0,3.0,243000.0,2.0,11.0,5.0,83.0,5.0,60087.0,1.0
1.0,58998661.0,4.0,1211.0,3.0,71000.0,2.0,8.0,5.0,101.0,5.0,60073.0,264.5751311
0.0,58982909.0,5.0,1251.5,3.0,113000.0,2.0,15.0,5.0,85.0,5.0,60084.0,212.0943186
1.0,58982354.0,1.0,1343.0,1.0,550000.0,2.0,5.0,-1.0,77.0,5.0,350024.0,1.0
1.0,59000639.0,4.0,1251.5,3.0,51000.0,2.0,8.0,-1.0,74.0,5.0,60041.0,1.0
0.0,54986974.0,7.0,1275.5,3.0,122000.0,2.0,11.0,9.0,108.0,4.0,60018.0,1.0
0.0,58986053.0,5.0,1262.0,3.0,93000.0,2.0,15.0,9.0,86.0,5.0,151300.0,204.9390153
0.0,54984435.0,5.0,1248.5,1.0,286000.0,2.0,15.0,-1.0,112.0,4.0,450094.0,173.20508080000002
0.0,59003229.0,4.0,1281.5,2.0,46000.0,2.0,8.0,5.0,114.0,4.0,60000.0,173.7843491
1.0,59003111.0,4.0,1223.0,3.0,73000.0,2.0,8.0,9.0,105.0,3.0,151300.0,1.0
0.0,59005838.0,4.0,1257.5,3.0,35000.0,2.0,8.0,3.0,112.0,4.0,72014.0,1.0
1.0,58989269.0,5.0,1391.0,3.0,112000.0,2.0,15.0,5.0,112.0,4.0,71002.0,192.608411
1.0,54991441.0,4.0,1281.5,2.0,66000.0,2.0,8.0,9.0,113.0,4.0,72002.0,162.44999230000002
0.0,58989409.0,7.0,1232.0,3.0,100000.0,2.0,11.0,5.0,111.0,4.0,72000.0,204.9390153
0.0,58985568.0,5.0,1364.0,3.0,142000.0,2.0,15.0,5.0,100.0,5.0,60044.0,1.0
0.0,54989484.0,4.0,1313.0,3.0,328000.0,2.0,8.0,5.0,90.0,5.0,151300.0,1.0
0.0,58986063.0,7.0,1266.5,3.0,86000.0,2.0,11.0,5.0,87.0,3.0,151000.0,200.0
0.0,58999633.0,4.0,1296.5,3.0,250000.0,2.0,8.0,5.0,105.0,3.0,60033.0,200.0
1.0,54988512.0,7.0,1239.5,1.0,238000.0,2.0,11.0,5.0,110.0,4.0,60014.0,200.0
0.0,54989030.0,4.0,1244.0,3.0,119000.0,2.0,8.0,9.0,100.0,3.0,60067.0,1.0
0.0,58983791.0,5.0,1215.5,3.0,100000.0,2.0,15.0,5.0,110.0,5.0,450015.0,258.08525719999994
0.0,54987651.0,7.0,1250.0,3.0,102000.0,2.0,11.0,5.0,100.0,3.0,60050.0,1.0
1.0,54988107.0,7.0,1361.0,3.0,274000.0,2.0,11.0,5.0,100.0,3.0,151300.0,314.9666649
0.0,58988505.0,7.0,1361.0,3.0,77000.0,1.0,11.0,5.0,103.0,5.0,72000.0,200.0
0.0,59004688.0,4.0,1251.5,1.0,360000.0,2.0,8.0,9.0,110.0,4.0,151300.0,1.0
0.0,58999709.0,4.0,1314.5,3.0,176000.0,2.0,8.0,9.0,114.0,4.0,72049.0,241.8470591
1.0,58990519.0,7.0,1256.0,1.0,102000.0,2.0,11.0,-1.0,110.0,4.0,450080.0,178.8854382
0.0,54991967.0,4.0,1281.5,2.0,70000.0,2.0,8.0,5.0,90.0,3.0,72000.0,186.1451047
1.0,54987545.0,7.0,1212.5,3.0,61000.0,2.0,11.0,5.0,112.0,4.0,450031.0,187.08286930000003
0.0,58996619.0,7.0,1322.0,1.0,115000.0,2.0,11.0,5.0,84.0,3.0,60052.0,1.0
0.0,59003447.0,7.0,1226.0,3.0,90000.0,2.0,11.0,-1.0,106.0,5.0,450089.0,200.0
0.0,59005860.0,4.0,1256.0,1.0,68000.0,2.0,8.0,5.0,105.0,3.0,350058.0,163.86885
0.0,54986049.0,7.0,1268.0,1.0,379000.0,2.0,11.0,-1.0,108.0,5.0,151304.0,389.0372733
0.0,54986687.0,7.0,1341.5,3.0,112000.0,2.0,11.0,8.0,83.0,5.0,60090.0,1.0
0.0,58985236.0,5.0,1265.0,3.0,135000.0,2.0,15.0,5.0,100.0,5.0,151300.0,231.721816
1.0,58995950.0,7.0,1218.5,1.0,101000.0,2.0,11.0,3.0,101.0,3.0,350100.0,273.86127880000004
0.0,58985870.0,5.0,1257.5,3.0,95000.0,2.0,15.0,5.0,93.0,5.0,60036.0,1.0
0.0,54988306.0,7.0,1281.5,2.0,102000.0,2.0,11.0,5.0,101.0,5.0,450027.0,173.20508080000002
0.0,54985355.0,7.0,1341.5,3.0,183000.0,2.0,11.0,5.0,78.0,5.0,151300.0,246.6049472
0.0,54983198.0,5.0,1230.5,3.0,78000.0,2.0,15.0,5.0,85.0,5.0,72000.0,232.3790008
1.0,54990623.0,4.0,1281.5,2.0,44000.0,2.0,8.0,5.0,89.0,3.0,72000.0,171.01461930000002
0.0,59002542.0,5.0,1257.5,3.0,35000.0,2.0,15.0,5.0,100.0,5.0,60036.0,200.0
0.0,54988718.0,7.0,1292.0,1.0,130000.0,2.0,11.0,5.0,108.0,3.0,60040.0,1.0
0.0,58998715.0,4.0,1376.0,3.0,77000.0,2.0,8.0,9.0,113.0,5.0,151300.0,225.8362238
0.0,59000887.0,4.0,1227.5,3.0,50000.0,2.0,8.0,5.0,100.0,3.0,60027.0,173.20508080000002
0.0,59001300.0,4.0,1241.0,3.0,52000.0,2.0,8.0,5.0,110.0,4.0,151011.0,1.0
0.0,58988028.0,5.0,1287.5,1.0,126000.0,2.0,15.0,5.0,107.0,3.0,350071.0,316.22776600000003
0.0,59001565.0,4.0,1302.5,3.0,143000.0,2.0,8.0,5.0,75.0,5.0,60014.0,1.0
0.0,54987865.0,7.0,1313.0,1.0,113000.0,2.0,11.0,5.0,107.0,5.0,60002.0,1.0
0.0,58984737.0,5.0,1292.0,3.0,130000.0,2.0,15.0,2.0,111.0,4.0,71000.0,173.20508080000002
0.0,59002836.0,7.0,1263.5,3.0,120000.0,2.0,11.0,9.0,86.0,5.0,151300.0,1.0
0.0,58996551.0,7.0,1308.5,1.0,442000.0,2.0,11.0,9.0,106.0,4.0,151011.0,1.0
0.0,58988646.0,7.0,1265.0,3.0,118000.0,2.0,11.0,5.0,106.0,5.0,450080.0,626.8971207000001
0.0,54989050.0,4.0,1163.0,3.0,42000.0,2.0,8.0,10.0,113.0,4.0,151300.0,1.0
1.0,58997773.0,4.0,1281.5,2.0,45000.0,2.0,8.0,5.0,111.0,4.0,151300.0,173.20508080000002
0.0,58991432.0,7.0,1281.5,2.0,117000.0,2.0,11.0,-1.0,87.0,3.0,332720.0,1.0
1.0,54984386.0,5.0,1245.5,3.0,81000.0,2.0,15.0,5.0,80.0,5.0,60004.0,1.0
0.0,54988080.0,7.0,1253.0,3.0,72000.0,2.0,11.0,9.0,112.0,3.0,330008.0,165.9759019
0.0,59004100.0,4.0,1299.5,3.0,35000.0,2.0,8.0,5.0,111.0,3.0,60029.0,1.0
0.0,59004930.0,4.0,1212.5,3.0,73000.0,2.0,8.0,5.0,85.0,3.0,72001.0,1.0
0.0,58982563.0,5.0,1356.5,3.0,198000.0,2.0,15.0,5.0,90.0,5.0,71000.0,173.20508080000002
0.0,54990557.0,4.0,1298.0,1.0,124000.0,2.0,8.0,5.0,89.0,3.0,151009.0,200.0
0.0,54983200.0,5.0,1287.5,3.0,102000.0,2.0,15.0,5.0,112.0,5.0,60062.0,173.20508080000002
0.0,54990031.0,4.0,1275.5,3.0,90000.0,1.0,8.0,5.0,103.0,5.0,72049.0,173.20508080000002
1.0,58996172.0,7.0,1293.5,1.0,87000.0,2.0,11.0,5.0,113.0,3.0,450080.0,170.2468796
0.0,54985432.0,7.0,1260.5,3.0,115000.0,2.0,11.0,5.0,85.0,5.0,60084.0,1.0
0.0,58997555.0,4.0,1266.5,3.0,207000.0,2.0,9.0,5.0,100.0,1.0,71002.0,316.22776600000003
0.0,58986294.0,5.0,1286.0,1.0,99000.0,2.0,15.0,-1.0,87.0,5.0,60000.0,1.0
0.0,54985261.0,7.0,1353.5,1.0,187000.0,2.0,11.0,-1.0,114.0,5.0,340018.0,207.3644135
1.0,58983500.0,5.0,1281.5,2.0,45000.0,2.0,15.0,9.0,113.0,4.0,72000.0,118.6844556
0.0,58984900.0,5.0,1191.5,3.0,53000.0,2.0,15.0,5.0,114.0,4.0,72000.0,187.08286930000003
0.0,54987017.0,7.0,1241.0,3.0,54000.0,1.0,11.0,5.0,99.0,5.0,72003.0,164.3167673
0.0,58990826.0,7.0,1281.5,2.0,118000.0,2.0,11.0,9.0,107.0,5.0,72000.0,187.08286930000003
1.0,58989592.0,7.0,1305.5,1.0,87000.0,2.0,11.0,-1.0,114.0,4.0,72000.0,186.4564292
0.0,58986188.0,5.0,1314.5,1.0,119000.0,2.0,15.0,-1.0,75.0,5.0,450063.0,194.9358869
0.0,58997607.0,4.0,1268.0,1.0,118000.0,2.0,8.0,-1.0,95.0,3.0,330006.0,1.0
0.0,59005490.0,4.0,1287.5,1.0,110000.0,2.0,8.0,5.0,89.0,5.0,72049.0,190.9345438
0.0,58992082.0,7.0,1296.5,1.0,76000.0,2.0,11.0,10.0,113.0,4.0,72001.0,1.0
0.0,54986028.0,7.0,1290.5,3.0,116000.0,2.0,11.0,5.0,85.0,5.0,151300.0,223.6067977
1.0,58993253.0,7.0,1328.0,1.0,127000.0,2.0,11.0,-1.0,112.0,4.0,60043.0,1.0
0.0,58987165.0,5.0,1317.5,1.0,89000.0,2.0,15.0,9.0,114.0,4.0,450080.0,178.1375873
0.0,58993081.0,7.0,1215.5,3.0,35000.0,2.0,11.0,9.0,113.0,4.0,60038.0,1.0
0.0,58989270.0,7.0,1362.5,1.0,150000.0,2.0,11.0,-1.0,90.0,5.0,350020.0,316.22776600000003
0.0,59004226.0,4.0,1281.5,2.0,38000.0,2.0,8.0,9.0,109.0,4.0,60028.0,158.11388300000002
0.0,58984371.0,5.0,1263.5,3.0,126000.0,2.0,15.0,5.0,113.0,4.0,72000.0,1.0
0.0,58990002.0,7.0,1277.0,3.0,101000.0,2.0,11.0,9.0,106.0,4.0,450050.0,200.0699878
0.0,58994284.0,7.0,1214.0,3.0,81000.0,2.0,11.0,9.0,114.0,4.0,450012.0,204.9390153
0.0,58983376.0,5.0,1272.5,3.0,49000.0,2.0,15.0,-1.0,86.0,5.0,330004.0,200.0
0.0,59003524.0,4.0,1322.0,1.0,87000.0,2.0,8.0,5.0,90.0,4.0,151300.0,1.0
0.0,59000414.0,4.0,1356.5,1.0,220000.0,2.0,8.0,5.0,107.0,4.0,151011.0,1.0
0.0,54990550.0,4.0,1313.0,3.0,338000.0,2.0,8.0,5.0,90.0,5.0,60004.0,1.0
0.0,59002145.0,4.0,1358.0,3.0,162000.0,2.0,8.0,5.0,110.0,4.0,72001.0,1.0
0.0,54983229.0,5.0,1310.0,3.0,270000.0,2.0,15.0,5.0,115.0,4.0,60019.0,299.9533297
0.0,59003330.0,4.0,1260.5,3.0,110000.0,2.0,8.0,5.0,109.0,4.0,151300.0,1.0
0.0,54984987.0,5.0,1296.5,1.0,130000.0,2.0,15.0,5.0,110.0,3.0,361039.0,187.08286930000003
0.0,54986472.0,7.0,1250.0,3.0,82000.0,2.0,11.0,5.0,105.0,5.0,72000.0,1.0
0.0,58994630.0,7.0,1226.0,3.0,61000.0,2.0,11.0,9.0,105.0,3.0,151300.0,1.0
0.0,58998147.0,4.0,1296.5,3.0,94000.0,2.0,8.0,9.0,114.0,4.0,60058.0,1.0
0.0,58994981.0,7.0,1281.5,2.0,72000.0,2.0,11.0,5.0,109.0,3.0,60019.0,169.4845126
0.0,54987053.0,7.0,1245.5,3.0,58000.0,2.0,11.0,5.0,85.0,5.0,60024.0,1.0
0.0,54985643.0,7.0,1281.5,3.0,203000.0,2.0,11.0,-1.0,107.0,4.0,450012.0,158.11388300000002
1.0,54988283.0,7.0,1281.5,2.0,70000.0,2.0,11.0,9.0,110.0,4.0,151304.0,187.08286930000003
1.0,54986538.0,7.0,1223.0,3.0,55000.0,2.0,11.0,5.0,89.0,5.0,60069.0,1.0
0.0,54985621.0,7.0,1338.5,3.0,162000.0,2.0,11.0,5.0,108.0,5.0,151300.0,200.0
0.0,58989576.0,7.0,1272.5,3.0,119000.0,2.0,11.0,5.0,82.0,5.0,60068.0,202.4845673
1.0,58990902.0,7.0,1215.5,3.0,58000.0,2.0,11.0,5.0,96.0,5.0,60033.0,158.11388300000002
0.0,58990187.0,7.0,1364.0,3.0,260000.0,2.0,11.0,5.0,96.0,5.0,60007.0,1.0
1.0,59001975.0,4.0,1179.5,3.0,49000.0,1.0,8.0,5.0,105.0,5.0,60032.0,173.20508080000002
1.0,58999754.0,4.0,1310.0,3.0,88000.0,2.0,8.0,5.0,100.0,5.0,60005.0,1.0
0.0,58994117.0,7.0,1323.5,1.0,122000.0,2.0,11.0,5.0,86.0,3.0,151300.0,1.0
1.0,59001900.0,4.0,1256.0,3.0,180000.0,2.0,8.0,5.0,105.0,5.0,60018.0,1.0
1.0,58984653.0,5.0,1281.5,2.0,44000.0,2.0,15.0,5.0,111.0,5.0,151300.0,169.6113204
0.0,58987232.0,5.0,1281.5,3.0,71000.0,2.0,15.0,-1.0,90.0,4.0,450000.0,158.11388300000002
0.0,58986183.0,5.0,1281.5,2.0,72000.0,2.0,15.0,5.0,114.0,5.0,350050.0,168.6979549
0.0,59006139.0,6.0,1241.0,1.0,74000.0,2.0,6.0,-1.0,105.0,3.0,60027.0,200.0
0.0,58994409.0,7.0,1227.5,3.0,67000.0,2.0,11.0,5.0,85.0,5.0,151009.0,1.0
1.0,58995436.0,7.0,1256.0,3.0,96000.0,2.0,11.0,5.0,102.0,3.0,72000.0,200.0
1.0,59002628.0,4.0,1218.5,3.0,48000.0,2.0,8.0,5.0,90.0,5.0,72001.0,187.08286930000003
0.0,58990626.0,7.0,1227.5,3.0,250000.0,2.0,11.0,9.0,100.0,5.0,60054.0,187.08286930000003
0.0,58986997.0,5.0,1316.0,3.0,141000.0,2.0,15.0,5.0,99.0,4.0,550004.0,223.6067977
0.0,58982507.0,5.0,1449.5,3.0,90000.0,2.0,15.0,5.0,107.0,4.0,60091.0,158.11388300000002
1.0,59002472.0,7.0,1245.5,3.0,65000.0,1.0,11.0,5.0,109.0,5.0,151300.0,173.20508080000002
1.0,54983232.0,5.0,1230.5,3.0,72000.0,2.0,15.0,9.0,113.0,4.0,151304.0,173.20508080000002
0.0,58997719.0,4.0,1223.0,3.0,63000.0,2.0,8.0,5.0,91.0,5.0,60095.0,228.035085
1.0,59001617.0,4.0,1304.0,3.0,35000.0,2.0,8.0,5.0,110.0,4.0,72000.0,200.0
0.0,58998223.0,4.0,1241.0,3.0,50000.0,2.0,8.0,9.0,105.0,3.0,72000.0,255.4838547
0.0,54988666.0,7.0,1262.0,1.0,94000.0,2.0,11.0,5.0,89.0,3.0,60018.0,187.08286930000003
0.0,54991404.0,4.0,1278.5,1.0,201000.0,2.0,8.0,5.0,102.0,5.0,72000.0,1.0
0.0,58982423.0,2.0,1407.5,1.0,153000.0,2.0,3.0,9.0,112.0,5.0,151309.0,1.0
0.0,58989777.0,7.0,1274.0,1.0,240000.0,2.0,11.0,-1.0,104.0,5.0,350100.0,300.0
1.0,59000101.0,4.0,1223.0,3.0,50000.0,2.0,8.0,5.0,110.0,4.0,72000.0,173.20508080000002
0.0,54988259.0,7.0,1218.5,3.0,67000.0,1.0,11.0,5.0,114.0,4.0,72000.0,237.0442997
1.0,54983809.0,5.0,1299.5,3.0,30000.0,2.0,15.0,5.0,100.0,5.0,350059.0,316.22776600000003
0.0,58989278.0,7.0,1278.5,3.0,114000.0,2.0,11.0,9.0,112.0,1.0,60010.0,200.0
0.0,58987186.0,5.0,1230.5,3.0,61000.0,2.0,15.0,5.0,109.0,4.0,60020.0,173.20508080000002
1.0,58999712.0,4.0,1281.5,2.0,63000.0,2.0,8.0,5.0,111.0,5.0,60000.0,160.77002209999998
0.0,58998988.0,4.0,1239.5,3.0,103000.0,2.0,8.0,5.0,103.0,5.0,60036.0,244.94897430000003
0.0,58996773.0,7.0,1214.0,3.0,74000.0,2.0,11.0,5.0,110.0,4.0,60058.0,204.9390153
0.0,54991294.0,4.0,1256.0,3.0,101000.0,2.0,8.0,9.0,110.0,5.0,60084.0,1.0
0.0,54990417.0,4.0,1239.5,3.0,65000.0,2.0,8.0,5.0,92.0,5.0,151300.0,200.0
0.0,54986797.0,7.0,1254.5,3.0,81000.0,2.0,11.0,5.0,110.0,5.0,60057.0,200.0
0.0,58997216.0,7.0,1340.0,1.0,296000.0,2.0,11.0,5.0,110.0,5.0,72000.0,1.0
0.0,58987530.0,5.0,1304.0,1.0,146000.0,2.0,15.0,5.0,90.0,3.0,350008.0,1.0
0.0,54986125.0,7.0,1266.5,1.0,111000.0,2.0,11.0,-1.0,79.0,5.0,60026.0,1.0
1.0,58985005.0,5.0,1316.0,3.0,48000.0,2.0,15.0,5.0,114.0,4.0,450033.0,297.5281499
0.0,54987215.0,7.0,1296.5,3.0,136000.0,2.0,11.0,5.0,115.0,4.0,71002.0,220.2271555
0.0,58996654.0,7.0,1340.0,1.0,80000.0,2.0,11.0,5.0,110.0,4.0,71002.0,162.4869226
1.0,58997183.0,7.0,1272.5,1.0,50000.0,1.0,11.0,-1.0,107.0,3.0,60085.0,1.0
1.0,59001375.0,4.0,1305.5,3.0,65000.0,2.0,8.0,9.0,80.0,5.0,60041.0,204.9390153
0.0,54990272.0,4.0,1230.5,3.0,85000.0,2.0,8.0,5.0,86.0,5.0,72000.0,1.0
1.0,58991085.0,7.0,1281.5,2.0,93000.0,2.0,11.0,5.0,108.0,5.0,60000.0,189.2247341
0.0,58988942.0,7.0,1325.0,1.0,80000.0,2.0,12.0,-1.0,82.0,3.0,60026.0,1.0
1.0,54989207.0,4.0,1281.5,2.0,49000.0,1.0,8.0,2.0,114.0,4.0,71000.0,180.2803373
0.0,58985578.0,5.0,1311.5,3.0,115000.0,2.0,15.0,9.0,88.0,5.0,60014.0,200.0
1.0,54988051.0,7.0,1266.5,1.0,103000.0,2.0,11.0,5.0,89.0,5.0,60061.0,1.0
0.0,59004571.0,4.0,1241.0,1.0,115000.0,2.0,8.0,5.0,105.0,3.0,151300.0,221.3594362
0.0,58982587.0,5.0,1289.0,3.0,74000.0,1.0,15.0,5.0,109.0,5.0,60088.0,223.6067977
1.0,54984134.0,5.0,1230.5,3.0,35000.0,2.0,15.0,5.0,112.0,5.0,60057.0,1.0
0.0,54983411.0,5.0,1281.5,3.0,35000.0,2.0,15.0,9.0,113.0,4.0,72000.0,226.508278
0.0,58983482.0,5.0,1367.0,3.0,127000.0,2.0,15.0,5.0,101.0,5.0,60054.0,223.6067977
0.0,54992564.0,7.0,1350.5,3.0,130000.0,1.0,11.0,5.0,97.0,5.0,60016.0,173.20508080000002
0.0,54985110.0,7.0,1206.5,3.0,66000.0,2.0,11.0,5.0,104.0,5.0,60000.0,173.20508080000002
0.0,54991585.0,4.0,1271.0,3.0,120000.0,2.0,8.0,5.0,89.0,3.0,60001.0,200.0
1.0,59003280.0,4.0,1241.0,3.0,68000.0,2.0,8.0,5.0,102.0,4.0,60020.0,173.20508080000002
0.0,58997314.0,4.0,1406.0,1.0,208000.0,2.0,8.0,-1.0,112.0,5.0,340001.0,223.6067977
0.0,58994376.0,7.0,1443.5,3.0,162000.0,2.0,11.0,9.0,110.0,5.0,72014.0,328.16002189999995
0.0,54986165.0,7.0,1308.5,1.0,110000.0,2.0,11.0,5.0,108.0,4.0,60004.0,1.0
0.0,54986113.0,7.0,1343.0,1.0,157000.0,2.0,11.0,-1.0,103.0,5.0,72000.0,1.0
0.0,59003191.0,4.0,1278.5,3.0,97000.0,2.0,8.0,5.0,100.0,3.0,72015.0,223.6067977
0.0,58988853.0,7.0,1290.5,3.0,116000.0,1.0,11.0,5.0,109.0,4.0,60062.0,196.4942747
0.0,58994395.0,7.0,1281.5,3.0,99000.0,2.0,11.0,9.0,114.0,5.0,60052.0,1.0
0.0,58996507.0,7.0,1214.0,3.0,58000.0,2.0,11.0,9.0,103.0,4.0,60091.0,1.0
0.0,58987276.0,5.0,1281.5,3.0,50000.0,2.0,15.0,9.0,110.0,5.0,450080.0,194.9358869
1.0,54988520.0,7.0,1227.5,3.0,90000.0,1.0,11.0,5.0,100.0,3.0,60040.0,158.11388300000002
0.0,59001486.0,4.0,1295.0,1.0,30000.0,2.0,8.0,-1.0,93.0,5.0,350052.0,316.22776600000003
0.0,54991474.0,4.0,1256.0,1.0,129000.0,2.0,8.0,9.0,110.0,5.0,60042.0,1.0
0.0,58983868.0,5.0,1304.0,3.0,150000.0,2.0,15.0,5.0,105.0,5.0,550107.0,264.5751311
0.0,59004748.0,4.0,1281.5,2.0,105000.0,2.0,8.0,5.0,109.0,3.0,60014.0,187.08286930000003
1.0,54991108.0,4.0,1269.5,1.0,210000.0,2.0,8.0,-1.0,84.0,3.0,330012.0,1.0
0.0,54991470.0,4.0,1338.5,1.0,150000.0,2.0,8.0,5.0,110.0,5.0,60029.0,316.22776600000003
0.0,54991497.0,4.0,1347.5,1.0,138000.0,2.0,8.0,5.0,102.0,5.0,60013.0,181.6590212
0.0,58991640.0,7.0,1310.0,1.0,140000.0,2.0,11.0,5.0,90.0,5.0,60002.0,200.0
0.0,59000580.0,4.0,1244.0,3.0,116000.0,2.0,8.0,5.0,111.0,4.0,60002.0,1.0
1.0,54984634.0,5.0,1281.5,3.0,111000.0,2.0,15.0,5.0,99.0,3.0,350075.0,164.3167673
0.0,59000958.0,4.0,1262.0,1.0,360000.0,2.0,8.0,-1.0,113.0,4.0,151300.0,200.0
0.0,58994712.0,7.0,1287.5,1.0,135000.0,2.0,11.0,5.0,109.0,4.0,72000.0,1.0
0.0,58990727.0,7.0,1469.0,3.0,103000.0,2.0,11.0,5.0,71.0,5.0,60092.0,1.0
0.0,59005598.0,4.0,1281.5,2.0,108000.0,2.0,8.0,-1.0,108.0,3.0,340000.0,184.7241186
0.0,58998925.0,4.0,1311.5,3.0,150000.0,2.0,8.0,9.0,83.0,5.0,60052.0,1.0
0.0,58994035.0,7.0,1302.5,1.0,110000.0,2.0,11.0,5.0,108.0,4.0,151002.0,1.0
1.0,54988154.0,7.0,1281.5,2.0,56000.0,2.0,11.0,5.0,113.0,3.0,366001.0,165.9307084
0.0,59004290.0,4.0,1257.5,3.0,113000.0,2.0,8.0,5.0,100.0,5.0,60014.0,1.0
0.0,54984577.0,5.0,1311.5,1.0,91000.0,1.0,15.0,7.0,113.0,4.0,151306.0,1.0
0.0,59002087.0,4.0,1287.5,3.0,127000.0,2.0,8.0,5.0,111.0,3.0,60059.0,200.0
0.0,54988464.0,7.0,1281.5,2.0,255000.0,2.0,11.0,5.0,99.0,3.0,60058.0,223.6067977
1.0,58994429.0,7.0,1295.0,3.0,73000.0,2.0,11.0,5.0,100.0,5.0,350076.0,223.6067977
0.0,54986325.0,7.0,1247.0,3.0,110000.0,2.0,11.0,5.0,91.0,4.0,60007.0,1.0
0.0,54991827.0,4.0,1343.0,1.0,128000.0,2.0,8.0,-1.0,107.0,5.0,361022.0,1.0
0.0,54985569.0,7.0,1280.0,1.0,93000.0,2.0,11.0,-1.0,110.0,4.0,550000.0,181.6590212
0.0,58989402.0,7.0,1325.0,1.0,195000.0,2.0,11.0,5.0,109.0,5.0,350703.0,221.3594362
0.0,58993180.0,7.0,1286.0,1.0,110000.0,2.0,11.0,5.0,112.0,5.0,60033.0,1.0
1.0,58989748.0,7.0,1200.5,3.0,110000.0,2.0,11.0,5.0,113.0,4.0,60034.0,249.69981980000003
0.0,58982401.0,7.0,1322.0,3.0,133000.0,2.0,11.0,9.0,99.0,3.0,350609.0,209.8570942
1.0,54991492.0,4.0,1256.0,1.0,120000.0,2.0,8.0,5.0,99.0,4.0,151000.0,173.20508080000002
0.0,58991938.0,7.0,1289.0,1.0,97000.0,2.0,11.0,9.0,110.0,3.0,72008.0,200.0
1.0,58989705.0,7.0,1311.5,3.0,105000.0,2.0,11.0,9.0,88.0,5.0,60043.0,187.08286930000003
0.0,58991751.0,7.0,1308.5,3.0,123000.0,2.0,11.0,5.0,100.0,4.0,60014.0,200.0
0.0,58995860.0,7.0,1362.5,3.0,93000.0,2.0,11.0,5.0,115.0,4.0,151300.0,1.0
0.0,59005871.0,4.0,1356.5,1.0,136000.0,2.0,8.0,5.0,74.0,3.0,72000.0,1.0
0.0,58997904.0,4.0,1277.0,3.0,135000.0,2.0,8.0,5.0,84.0,5.0,60091.0,1.0
1.0,58998275.0,4.0,1239.5,3.0,30000.0,2.0,8.0,5.0,100.0,5.0,350017.0,223.6067977
0.0,54988608.0,7.0,1214.0,3.0,60000.0,2.0,11.0,9.0,108.0,4.0,151300.0,158.11388300000002
0.0,54985058.0,7.0,1266.5,3.0,227000.0,2.0,11.0,9.0,112.0,4.0,151300.0,254.9509757
1.0,58994767.0,7.0,1377.5,1.0,55000.0,2.0,11.0,5.0,114.0,3.0,151009.0,212.1320344
1.0,54986146.0,7.0,1358.0,1.0,121000.0,2.0,11.0,5.0,112.0,4.0,151300.0,173.20508080000002
0.0,54991090.0,4.0,1379.0,3.0,489000.0,2.0,8.0,9.0,99.0,5.0,72001.0,223.6067977
0.0,54987233.0,7.0,1371.5,3.0,121000.0,2.0,11.0,9.0,85.0,3.0,60004.0,1.0
1.0,58992044.0,7.0,1365.5,1.0,130000.0,2.0,11.0,-1.0,100.0,3.0,341439.0,173.20508080000002
0.0,58992510.0,7.0,1271.0,3.0,85000.0,1.0,11.0,9.0,100.0,4.0,60052.0,158.11388300000002
0.0,54984476.0,5.0,1259.0,3.0,80000.0,2.0,15.0,5.0,112.0,3.0,350000.0,223.6067977
0.0,54984616.0,5.0,1281.5,2.0,102000.0,2.0,15.0,5.0,104.0,3.0,350055.0,184.3908891
0.0,58991820.0,7.0,1274.0,3.0,183000.0,2.0,11.0,9.0,77.0,3.0,510084.0,692.820323
0.0,54991473.0,4.0,1281.5,2.0,120000.0,2.0,8.0,5.0,105.0,3.0,60050.0,173.20508080000002
0.0,58987349.0,5.0,1248.5,3.0,106000.0,2.0,15.0,5.0,85.0,3.0,151300.0,1.0
0.0,58995117.0,7.0,1268.0,3.0,111000.0,2.0,11.0,5.0,100.0,3.0,151010.0,200.0
0.0,58996069.0,7.0,1233.5,3.0,62000.0,2.0,11.0,3.0,88.0,3.0,450194.0,244.94897430000003
1.0,54985234.0,7.0,1214.0,3.0,66000.0,2.0,11.0,5.0,82.0,3.0,60019.0,200.0
0.0,58986587.0,5.0,1241.0,3.0,54000.0,2.0,15.0,5.0,112.0,4.0,151300.0,1.0
1.0,58983909.0,5.0,1262.0,3.0,130000.0,2.0,15.0,5.0,100.0,5.0,151304.0,189.7366596
1.0,59004658.0,4.0,1257.5,3.0,105000.0,2.0,8.0,5.0,73.0,3.0,151009.0,1.0
0.0,54984524.0,5.0,1350.5,1.0,155000.0,2.0,15.0,8.0,104.0,5.0,60004.0,1.0
0.0,58999145.0,4.0,1262.0,3.0,185000.0,2.0,8.0,5.0,105.0,5.0,151300.0,173.20508080000002
0.0,58983108.0,5.0,1415.0,3.0,169000.0,2.0,15.0,5.0,81.0,5.0,72000.0,237.1708245
0.0,59000942.0,4.0,1268.0,3.0,149000.0,2.0,8.0,5.0,106.0,3.0,72001.0,173.20508080000002
0.0,59005266.0,4.0,1266.5,1.0,99000.0,2.0,8.0,5.0,86.0,3.0,72002.0,1.0
0.0,58995451.0,7.0,1248.5,3.0,60000.0,2.0,11.0,5.0,90.0,3.0,60074.0,1.0
0.0,54988209.0,7.0,1305.5,3.0,93000.0,1.0,11.0,3.0,104.0,3.0,60032.0,200.0
0.0,58999019.0,4.0,1322.0,3.0,199000.0,2.0,8.0,5.0,111.0,4.0,72000.0,1.0
1.0,58994016.0,7.0,1310.0,1.0,186000.0,2.0,11.0,-1.0,112.0,3.0,340019.0,223.6067977
0.0,58992627.0,7.0,1305.5,1.0,50000.0,2.0,12.0,-1.0,113.0,3.0,350061.0,226.1459706
0.0,58988822.0,7.0,1251.5,3.0,240000.0,2.0,11.0,5.0,85.0,3.0,151300.0,194.9358869
0.0,58986566.0,5.0,1320.5,3.0,150000.0,2.0,15.0,9.0,108.0,5.0,361028.0,200.0
0.0,58990308.0,7.0,1307.0,3.0,195000.0,2.0,11.0,9.0,95.0,5.0,72003.0,200.0
0.0,58987368.0,5.0,1220.0,3.0,64000.0,2.0,15.0,5.0,114.0,4.0,60033.0,187.08286930000003
1.0,58997724.0,4.0,1313.0,3.0,134000.0,2.0,8.0,5.0,104.0,3.0,60054.0,244.94897430000003
0.0,59002317.0,4.0,1266.5,3.0,87000.0,2.0,8.0,-1.0,98.0,5.0,361029.0,1.0
0.0,58985063.0,5.0,1215.5,3.0,94000.0,2.0,15.0,-1.0,86.0,5.0,550088.0,223.6067977
0.0,58987035.0,5.0,1413.5,1.0,204000.0,2.0,15.0,9.0,107.0,5.0,350002.0,200.0
0.0,54982530.0,5.0,1272.5,3.0,120000.0,1.0,15.0,5.0,110.0,5.0,72000.0,187.08286930000003
0.0,54985173.0,7.0,1245.5,3.0,68000.0,2.0,11.0,5.0,111.0,4.0,60091.0,200.0
0.0,58990258.0,7.0,1281.5,2.0,69000.0,1.0,11.0,5.0,106.0,4.0,60064.0,173.20508080000002
0.0,58983905.0,5.0,1257.5,3.0,91000.0,2.0,15.0,5.0,94.0,5.0,60043.0,200.0
0.0,54982579.0,5.0,1338.5,3.0,325000.0,2.0,15.0,5.0,110.0,5.0,60033.0,316.22776600000003
0.0,58996120.0,7.0,1211.0,3.0,66000.0,2.0,11.0,5.0,101.0,4.0,60015.0,1.0
0.0,54983934.0,5.0,1223.0,3.0,54000.0,2.0,15.0,-1.0,112.0,4.0,450018.0,169.7056275
0.0,54985197.0,7.0,1191.5,3.0,70000.0,2.0,11.0,9.0,107.0,5.0,450032.0,192.3538406
1.0,58996391.0,7.0,1386.5,1.0,165000.0,2.0,11.0,-1.0,100.0,3.0,350098.0,173.20508080000002
0.0,54989545.0,4.0,1326.5,3.0,140000.0,2.0,8.0,5.0,100.0,5.0,60013.0,1.0
0.0,59001951.0,4.0,1287.5,1.0,112000.0,2.0,8.0,5.0,90.0,3.0,330015.0,1.0
1.0,54984182.0,5.0,1281.5,3.0,144000.0,2.0,15.0,5.0,68.0,1.0,60057.0,1.0
0.0,58994468.0,7.0,1283.0,3.0,100000.0,2.0,11.0,5.0,95.0,3.0,332444.0,1.0
0.0,58999963.0,4.0,1229.0,3.0,62000.0,2.0,8.0,5.0,84.0,5.0,60019.0,1.0
1.0,58990611.0,7.0,1281.5,3.0,79000.0,2.0,11.0,-1.0,112.0,4.0,72000.0,177.0028248
0.0,54982998.0,5.0,1284.5,3.0,132000.0,2.0,15.0,9.0,109.0,5.0,151009.0,228.9847156
1.0,58991618.0,7.0,1257.5,1.0,98000.0,2.0,11.0,-1.0,101.0,3.0,60075.0,1.0
0.0,54986288.0,7.0,1278.5,1.0,105000.0,2.0,11.0,-1.0,112.0,4.0,450002.0,158.11388300000002
0.0,58989333.0,7.0,1305.5,3.0,111000.0,2.0,11.0,9.0,113.0,4.0,72015.0,212.1320344
1.0,58990136.0,7.0,1250.0,3.0,94000.0,2.0,11.0,5.0,113.0,4.0,71000.0,187.08286930000003
0.0,58988263.0,5.0,1316.0,1.0,202000.0,2.0,15.0,5.0,105.0,5.0,450054.0,223.6067977
0.0,58994224.0,7.0,1274.0,1.0,328000.0,2.0,11.0,-1.0,82.0,5.0,450000.0,244.94897430000003
0.0,58998583.0,4.0,1310.0,3.0,129000.0,1.0,8.0,5.0,100.0,5.0,151300.0,181.6590212
1.0,54985358.0,7.0,1281.5,2.0,97000.0,2.0,11.0,5.0,76.0,5.0,72000.0,179.0809873
1.0,58993137.0,7.0,1205.0,3.0,63000.0,2.0,11.0,5.0,106.0,3.0,151300.0,1.0
0.0,58991395.0,7.0,1299.5,1.0,87000.0,2.0,11.0,5.0,85.0,5.0,151300.0,1.0
0.0,54990536.0,4.0,1241.0,3.0,35000.0,2.0,8.0,5.0,99.0,5.0,60084.0,158.11388300000002
0.0,58986069.0,5.0,1322.0,3.0,195000.0,2.0,15.0,9.0,95.0,5.0,60000.0,200.0
0.0,54983694.0,5.0,1329.5,3.0,195000.0,2.0,15.0,5.0,64.0,5.0,60065.0,1.0
0.0,59001175.0,4.0,1292.0,1.0,117000.0,2.0,8.0,5.0,99.0,5.0,60052.0,200.0
1.0,59002037.0,4.0,1292.0,1.0,115000.0,2.0,8.0,5.0,114.0,5.0,350060.0,192.3538406
0.0,54988879.0,4.0,1223.0,3.0,68000.0,2.0,8.0,-1.0,112.0,5.0,340014.0,187.08286930000003
0.0,54986055.0,7.0,1238.0,3.0,66000.0,2.0,11.0,5.0,79.0,3.0,450017.0,214.4761059
1.0,54988522.0,7.0,1214.0,3.0,58000.0,2.0,11.0,5.0,110.0,4.0,151300.0,158.11388300000002
0.0,59005413.0,4.0,1226.0,3.0,73000.0,1.0,8.0,5.0,104.0,5.0,60058.0,158.11388300000002
0.0,59005683.0,4.0,1281.5,2.0,75000.0,2.0,8.0,-1.0,107.0,3.0,151300.0,173.20508080000002
0.0,54989353.0,4.0,1260.5,3.0,143000.0,2.0,8.0,9.0,110.0,4.0,60016.0,202.4845673
0.0,59001626.0,4.0,1400.0,3.0,383000.0,1.0,8.0,5.0,100.0,5.0,60024.0,212.1320344
1.0,54991086.0,4.0,1289.0,1.0,143000.0,2.0,8.0,5.0,70.0,5.0,60091.0,1.0
0.0,59003950.0,4.0,1263.5,1.0,102000.0,2.0,8.0,9.0,103.0,3.0,60024.0,200.0
0.0,58986950.0,5.0,1308.5,3.0,131000.0,1.0,15.0,5.0,110.0,5.0,72000.0,1.0
0.0,59003138.0,4.0,1281.5,2.0,45000.0,2.0,8.0,9.0,114.0,4.0,60064.0,173.20508080000002
0.0,58992009.0,7.0,1290.5,3.0,273000.0,2.0,11.0,9.0,113.0,3.0,60063.0,223.6067977
0.0,58989298.0,7.0,1364.0,3.0,106000.0,2.0,11.0,5.0,86.0,3.0,510003.0,187.08286930000003
0.0,59002940.0,4.0,1259.0,3.0,75000.0,2.0,8.0,5.0,89.0,5.0,151000.0,1.0
0.0,54983292.0,5.0,1281.5,2.0,114000.0,2.0,15.0,5.0,110.0,4.0,72049.0,195.6910831
0.0,58991228.0,7.0,1281.5,2.0,128000.0,2.0,11.0,9.0,111.0,4.0,151300.0,206.5187643
0.0,54985241.0,7.0,1275.5,3.0,90000.0,2.0,11.0,5.0,110.0,4.0,450015.0,212.1320344
1.0,58985805.0,5.0,1241.0,3.0,46000.0,2.0,15.0,5.0,80.0,5.0,350092.0,175.1570724
0.0,58994299.0,7.0,1340.0,1.0,99000.0,2.0,11.0,-1.0,85.0,5.0,350069.0,181.10770280000003
1.0,58993220.0,7.0,1344.5,3.0,137000.0,2.0,11.0,5.0,101.0,5.0,72000.0,1.0
1.0,54984903.0,5.0,1371.5,3.0,83000.0,2.0,15.0,5.0,95.0,3.0,350704.0,165.6653253
0.0,54988329.0,7.0,1215.5,3.0,67000.0,2.0,11.0,5.0,95.0,3.0,151306.0,134.95554819999998
0.0,58986218.0,5.0,1191.5,3.0,61000.0,2.0,15.0,-1.0,111.0,4.0,72001.0,1.0
0.0,54986944.0,7.0,1266.5,1.0,109000.0,2.0,11.0,3.0,107.0,3.0,330021.0,1.0
0.0,58999582.0,4.0,1214.0,3.0,63000.0,2.0,8.0,-1.0,85.0,3.0,330014.0,1.0
0.0,54986508.0,7.0,1310.0,1.0,169000.0,2.0,11.0,5.0,109.0,4.0,60058.0,316.22776600000003
0.0,59001818.0,4.0,1332.5,3.0,153000.0,2.0,8.0,5.0,112.0,4.0,72001.0,1.0
0.0,54983623.0,5.0,1353.5,3.0,143000.0,2.0,15.0,5.0,110.0,4.0,60007.0,1.0
0.0,58991914.0,7.0,1377.5,3.0,500000.0,2.0,11.0,2.0,89.0,5.0,350052.0,387.2983346
1.0,58993131.0,7.0,1281.5,2.0,120000.0,2.0,11.0,5.0,101.0,5.0,72000.0,265.3394053
0.0,58997104.0,7.0,1241.0,1.0,74000.0,2.0,11.0,5.0,105.0,3.0,72000.0,1.0
0.0,58983893.0,5.0,1223.0,3.0,81000.0,2.0,15.0,9.0,112.0,4.0,60018.0,1.0
0.0,54989180.0,4.0,1241.0,3.0,68000.0,2.0,8.0,5.0,107.0,5.0,72000.0,173.20508080000002
0.0,58989048.0,7.0,1298.0,3.0,182000.0,2.0,11.0,5.0,100.0,5.0,60001.0,244.94897430000003
0.0,58986443.0,5.0,1362.5,1.0,114000.0,2.0,15.0,-1.0,112.0,4.0,361005.0,1.0
0.0,58991343.0,7.0,1358.0,3.0,500000.0,2.0,11.0,2.0,112.0,5.0,510000.0,316.22776600000003
0.0,58999966.0,4.0,1271.0,3.0,118000.0,1.0,8.0,5.0,80.0,5.0,60017.0,282.8427125
0.0,59005448.0,4.0,1232.0,3.0,100000.0,2.0,8.0,5.0,95.0,3.0,350012.0,200.0
0.0,59003701.0,4.0,1322.0,1.0,35000.0,2.0,8.0,-1.0,111.0,5.0,151307.0,1.0
0.0,58989779.0,7.0,1350.5,3.0,176000.0,2.0,11.0,9.0,102.0,3.0,151004.0,1.0
0.0,54991614.0,4.0,1266.5,3.0,101000.0,2.0,8.0,9.0,101.0,4.0,60084.0,1.0
0.0,54988970.0,4.0,1250.0,3.0,115000.0,2.0,8.0,9.0,112.0,4.0,151300.0,255.4290508
0.0,54992094.0,4.0,1296.5,1.0,127000.0,2.0,8.0,5.0,107.0,3.0,60019.0,1.0
0.0,58984421.0,5.0,1290.5,3.0,86000.0,2.0,15.0,5.0,93.0,5.0,60033.0,1.0
0.0,54992137.0,4.0,1281.5,2.0,83000.0,2.0,8.0,5.0,110.0,3.0,71000.0,1.0
1.0,58988337.0,5.0,1241.0,3.0,42000.0,2.0,15.0,-1.0,107.0,5.0,60004.0,165.5505965
0.0,54986688.0,7.0,1319.0,3.0,177000.0,2.0,11.0,5.0,112.0,3.0,60042.0,1.0
0.0,59001304.0,4.0,1250.0,3.0,120000.0,2.0,8.0,5.0,91.0,5.0,60064.0,1.0
1.0,58995877.0,7.0,1277.0,3.0,132000.0,2.0,11.0,9.0,80.0,5.0,60016.0,1.0
0.0,59000211.0,4.0,1313.0,1.0,135000.0,2.0,8.0,5.0,75.0,5.0,60064.0,1.0
0.0,58982923.0,5.0,1281.5,2.0,58000.0,2.0,15.0,2.0,112.0,4.0,151300.0,1.0
0.0,54985748.0,7.0,1317.5,3.0,264000.0,2.0,11.0,5.0,83.0,5.0,72000.0,1.0
0.0,59000320.0,4.0,1214.0,3.0,62000.0,2.0,8.0,9.0,114.0,4.0,151300.0,1.0
0.0,58986723.0,7.0,1322.0,3.0,195000.0,1.0,11.0,5.0,104.0,5.0,71000.0,173.20508080000002
0.0,54984201.0,5.0,1250.0,3.0,79000.0,2.0,15.0,5.0,110.0,4.0,72001.0,1.0
1.0,54986064.0,7.0,1281.5,1.0,173000.0,2.0,11.0,-1.0,106.0,5.0,72000.0,1.0
0.0,58993563.0,7.0,1239.5,1.0,78000.0,2.0,11.0,-1.0,97.0,3.0,371301.0,200.0
0.0,58984589.0,5.0,1232.0,3.0,89000.0,2.0,15.0,9.0,112.0,4.0,72000.0,200.0
0.0,58989171.0,7.0,1289.0,3.0,305000.0,1.0,11.0,5.0,110.0,5.0,60033.0,236.6431913
0.0,58993422.0,7.0,1281.5,3.0,84000.0,2.0,11.0,5.0,113.0,4.0,60091.0,158.11388300000002
0.0,59004328.0,4.0,1214.0,3.0,99000.0,2.0,8.0,5.0,84.0,3.0,60017.0,173.20508080000002
1.0,58997157.0,7.0,1281.5,2.0,91000.0,2.0,11.0,-1.0,105.0,3.0,60074.0,1.0
0.0,59004333.0,4.0,1299.5,1.0,157000.0,2.0,8.0,5.0,113.0,3.0,151300.0,158.11388300000002
1.0,58999328.0,4.0,1281.5,2.0,94000.0,2.0,8.0,-1.0,109.0,5.0,340006.0,200.0
0.0,58987402.0,5.0,1241.0,3.0,62000.0,2.0,15.0,9.0,95.0,4.0,60023.0,1.0
0.0,58984182.0,5.0,1286.0,3.0,92000.0,1.0,15.0,5.0,81.0,3.0,60018.0,200.0
0.0,58985868.0,5.0,1218.5,3.0,215000.0,2.0,15.0,5.0,82.0,5.0,60016.0,1.0
0.0,54989370.0,4.0,1293.5,3.0,201000.0,2.0,8.0,9.0,113.0,5.0,72049.0,223.6067977
0.0,59004304.0,4.0,1227.5,1.0,150000.0,2.0,8.0,5.0,78.0,3.0,72000.0,1.0
1.0,59001676.0,4.0,1287.5,3.0,120000.0,2.0,8.0,9.0,114.0,5.0,60059.0,1.0
0.0,59006239.0,7.0,1322.0,3.0,68000.0,2.0,11.0,5.0,86.0,3.0,72015.0,1.0
1.0,54985192.0,7.0,1230.5,3.0,72000.0,2.0,11.0,5.0,85.0,5.0,60069.0,1.0
0.0,58982511.0,5.0,1281.5,2.0,160000.0,2.0,15.0,-1.0,85.0,5.0,450043.0,200.0
0.0,54988388.0,7.0,1335.5,1.0,71000.0,2.0,11.0,9.0,110.0,4.0,72000.0,168.0981856
0.0,58984757.0,5.0,1223.0,3.0,56000.0,2.0,15.0,5.0,112.0,4.0,151300.0,212.1320344
0.0,58982376.0,1.0,1410.5,1.0,300000.0,2.0,4.0,-1.0,64.0,5.0,340009.0,1.0
1.0,59001607.0,4.0,1187.0,3.0,100000.0,2.0,8.0,5.0,102.0,3.0,60017.0,547.7225575
0.0,54989322.0,4.0,1281.5,2.0,54000.0,2.0,8.0,5.0,89.0,5.0,72016.0,189.7366596
1.0,58989236.0,7.0,1268.0,3.0,90000.0,2.0,11.0,5.0,86.0,5.0,71002.0,1.0
0.0,58995803.0,7.0,1266.5,3.0,74000.0,2.0,11.0,5.0,105.0,4.0,60054.0,1.0
0.0,58993153.0,7.0,1227.5,3.0,68000.0,2.0,11.0,5.0,114.0,3.0,345009.0,192.3538406
0.0,58988432.0,7.0,1289.0,1.0,139000.0,2.0,11.0,-1.0,114.0,4.0,450033.0,214.4761059
0.0,58992134.0,7.0,1235.0,1.0,114000.0,2.0,11.0,-1.0,85.0,5.0,450088.0,1.0
0.0,59003723.0,4.0,1281.5,2.0,81000.0,2.0,8.0,5.0,110.0,3.0,72014.0,163.5267562
1.0,59004885.0,4.0,1272.5,1.0,141000.0,2.0,8.0,5.0,110.0,3.0,151300.0,1.0
0.0,54982913.0,5.0,1287.5,3.0,163000.0,2.0,15.0,5.0,90.0,5.0,72014.0,200.0
0.0,54987336.0,7.0,1308.5,3.0,194000.0,2.0,11.0,5.0,105.0,4.0,60051.0,223.6067977
0.0,54985214.0,7.0,1349.0,1.0,193000.0,2.0,11.0,5.0,100.0,5.0,350063.0,316.22776600000003
0.0,58986623.0,5.0,1278.5,1.0,98000.0,2.0,15.0,-1.0,82.0,5.0,450033.0,173.20508080000002
0.0,58984708.0,5.0,1481.0,3.0,101000.0,2.0,15.0,5.0,100.0,5.0,60091.0,223.6067977
1.0,58991614.0,7.0,1230.5,3.0,64000.0,2.0,11.0,3.0,82.0,5.0,60058.0,200.0
0.0,58984128.0,5.0,1404.5,1.0,150000.0,2.0,15.0,9.0,100.0,5.0,71002.0,316.22776600000003
0.0,58982672.0,5.0,1239.5,3.0,58000.0,2.0,15.0,5.0,107.0,5.0,60017.0,1.0
0.0,58984798.0,5.0,1299.5,3.0,273000.0,2.0,15.0,2.0,108.0,5.0,72000.0,200.0
0.0,58988044.0,5.0,1241.0,3.0,66000.0,2.0,15.0,9.0,115.0,3.0,350077.0,174.34448659999998
0.0,58984972.0,5.0,1269.5,3.0,124000.0,2.0,15.0,5.0,112.0,4.0,60033.0,204.9390153
0.0,54985180.0,7.0,1215.5,3.0,63000.0,1.0,11.0,5.0,100.0,5.0,71000.0,212.1320344
0.0,58986444.0,5.0,1319.0,3.0,15000.0,2.0,15.0,5.0,114.0,3.0,450069.0,158.11388300000002
0.0,59005128.0,4.0,1250.0,1.0,84000.0,1.0,8.0,5.0,100.0,3.0,60019.0,167.33200530000002
0.0,58993212.0,7.0,1323.5,1.0,117000.0,2.0,11.0,9.0,112.0,4.0,550001.0,230.2172887
0.0,58982397.0,1.0,1293.5,1.0,500000.0,2.0,4.0,9.0,105.0,5.0,650005.0,1.0
0.0,58994911.0,7.0,1250.0,3.0,60000.0,2.0,11.0,5.0,114.0,4.0,72001.0,707.1067812000001
0.0,54989286.0,4.0,1269.5,3.0,162000.0,2.0,8.0,9.0,81.0,5.0,60019.0,1.0
0.0,58992588.0,7.0,1287.5,3.0,144000.0,2.0,11.0,5.0,114.0,4.0,72000.0,221.3594362
0.0,54985929.0,7.0,1281.5,2.0,73000.0,2.0,11.0,9.0,114.0,4.0,361000.0,153.39165559999998
0.0,54983046.0,5.0,1314.5,3.0,117000.0,2.0,15.0,5.0,109.0,5.0,60018.0,200.0
0.0,59005254.0,4.0,1314.5,1.0,89000.0,2.0,8.0,-1.0,100.0,5.0,60017.0,1.0
0.0,59003613.0,4.0,1281.5,2.0,81000.0,1.0,8.0,9.0,100.0,5.0,72000.0,200.4120755
0.0,58991271.0,7.0,1314.5,1.0,150000.0,1.0,11.0,-1.0,115.0,5.0,72000.0,1.0
0.0,58985654.0,5.0,1214.0,3.0,114000.0,2.0,15.0,5.0,90.0,5.0,60091.0,1.0
0.0,58999945.0,4.0,1194.5,3.0,63000.0,2.0,8.0,9.0,105.0,4.0,72001.0,223.6067977
0.0,58990734.0,7.0,1278.5,1.0,88000.0,2.0,11.0,-1.0,89.0,5.0,60001.0,1.0
1.0,58989082.0,7.0,1299.5,3.0,64000.0,2.0,11.0,5.0,110.0,4.0,510090.0,178.24140930000002
1.0,54990614.0,4.0,1389.5,1.0,186000.0,2.0,8.0,9.0,110.0,3.0,60014.0,1.0
0.0,58985486.0,5.0,1298.0,3.0,149000.0,2.0,15.0,5.0,112.0,5.0,510069.0,222.5511177
0.0,58986657.0,5.0,1322.0,3.0,71000.0,2.0,15.0,5.0,114.0,4.0,510034.0,216.374675
0.0,54991669.0,4.0,1281.5,2.0,41000.0,2.0,8.0,5.0,110.0,3.0,60036.0,164.18587030000003
0.0,54985862.0,7.0,1292.0,3.0,163000.0,2.0,11.0,5.0,109.0,5.0,60016.0,187.08286930000003
0.0,58985599.0,5.0,1305.5,3.0,129000.0,2.0,15.0,5.0,95.0,3.0,60061.0,223.6067977
0.0,58988787.0,7.0,1281.5,2.0,83000.0,2.0,11.0,9.0,85.0,5.0,72000.0,1.0
0.0,58984475.0,5.0,1281.5,3.0,154000.0,2.0,15.0,5.0,110.0,5.0,60036.0,212.1320344
0.0,59002389.0,4.0,1281.5,2.0,105000.0,1.0,8.0,5.0,99.0,5.0,151300.0,186.7136846
1.0,54983144.0,5.0,1214.0,3.0,58000.0,2.0,15.0,5.0,112.0,4.0,72000.0,200.0
0.0,54988391.0,7.0,1203.5,3.0,71000.0,2.0,11.0,5.0,110.0,3.0,151300.0,200.0
0.0,58997686.0,4.0,1250.0,1.0,87000.0,2.0,8.0,5.0,105.0,5.0,60069.0,212.1320344
0.0,59003717.0,4.0,1281.5,2.0,86000.0,2.0,8.0,5.0,114.0,5.0,151300.0,169.1123887
0.0,59001751.0,4.0,1346.0,1.0,102000.0,2.0,8.0,-1.0,100.0,5.0,60095.0,200.0
0.0,59000851.0,4.0,1302.5,3.0,410000.0,2.0,8.0,9.0,84.0,5.0,60018.0,1.0
0.0,59001171.0,4.0,1200.5,3.0,69000.0,2.0,8.0,5.0,104.0,5.0,60064.0,1.0
0.0,58997757.0,4.0,1281.5,2.0,71000.0,2.0,8.0,9.0,90.0,5.0,72015.0,167.4962686
0.0,58990649.0,7.0,1223.0,3.0,78000.0,2.0,11.0,-1.0,75.0,5.0,450007.0,173.20508080000002
0.0,54987088.0,7.0,1281.5,2.0,74000.0,2.0,11.0,9.0,85.0,5.0,60073.0,1.0
0.0,58985198.0,5.0,1307.0,3.0,166000.0,2.0,15.0,5.0,88.0,5.0,60065.0,235.0829641
0.0,58998105.0,4.0,1287.5,3.0,206000.0,2.0,8.0,9.0,102.0,3.0,72000.0,202.4845673
0.0,59000044.0,7.0,1281.5,2.0,51000.0,2.0,11.0,5.0,112.0,4.0,72015.0,170.29386369999995
0.0,58997876.0,4.0,1364.0,3.0,194000.0,2.0,8.0,5.0,110.0,5.0,151004.0,223.6067977
0.0,58988360.0,5.0,1281.5,2.0,35000.0,2.0,15.0,5.0,114.0,4.0,60069.0,1.0
0.0,58999718.0,4.0,1308.5,3.0,312000.0,2.0,8.0,8.0,89.0,5.0,60014.0,1.0
0.0,54988000.0,7.0,1281.5,2.0,180000.0,2.0,11.0,5.0,114.0,3.0,72001.0,167.33200530000002
0.0,54983721.0,5.0,1475.0,3.0,96000.0,2.0,15.0,9.0,110.0,5.0,72001.0,1.0
0.0,58992482.0,7.0,1281.5,2.0,51000.0,2.0,11.0,5.0,110.0,4.0,550013.0,182.7977024
0.0,54985215.0,7.0,1206.5,3.0,76000.0,2.0,11.0,5.0,108.0,4.0,72000.0,173.20508080000002
0.0,58998256.0,4.0,1280.0,3.0,89000.0,2.0,8.0,5.0,85.0,3.0,151300.0,189.7366596
0.0,54987227.0,7.0,1322.0,1.0,141000.0,2.0,11.0,5.0,84.0,3.0,60004.0,1.0
1.0,58985900.0,5.0,1281.5,2.0,43000.0,2.0,15.0,9.0,111.0,5.0,361027.0,167.7885574
0.0,54991626.0,4.0,1281.5,2.0,92000.0,2.0,8.0,-1.0,107.0,4.0,350052.0,158.11388300000002
0.0,54987871.0,7.0,1226.0,3.0,64000.0,2.0,11.0,5.0,103.0,3.0,72000.0,1.0
1.0,58992285.0,7.0,1281.5,2.0,56000.0,2.0,11.0,-1.0,93.0,3.0,72001.0,212.1320344
1.0,58985589.0,5.0,1224.5,3.0,45000.0,2.0,15.0,5.0,81.0,5.0,450062.0,173.1588866
0.0,58991066.0,7.0,1220.0,3.0,77000.0,2.0,11.0,5.0,94.0,5.0,72001.0,1.0
1.0,59000868.0,4.0,1253.0,3.0,59000.0,2.0,8.0,-1.0,110.0,4.0,151300.0,1.0
0.0,54985378.0,7.0,1203.5,3.0,76000.0,2.0,11.0,5.0,78.0,5.0,60005.0,173.20508080000002
0.0,59004991.0,4.0,1232.0,1.0,68000.0,2.0,8.0,5.0,75.0,4.0,72001.0,1.0
0.0,54987829.0,7.0,1320.5,1.0,102000.0,2.0,11.0,5.0,110.0,3.0,151300.0,200.0
0.0,58992344.0,7.0,1296.5,3.0,80000.0,2.0,11.0,5.0,112.0,3.0,60069.0,1.0
0.0,54990270.0,4.0,1308.5,3.0,144000.0,2.0,8.0,5.0,107.0,5.0,60016.0,1.0
0.0,59006219.0,4.0,1281.5,2.0,111000.0,2.0,8.0,5.0,110.0,4.0,60091.0,220.8687393
1.0,58990469.0,7.0,1239.5,3.0,73000.0,2.0,11.0,5.0,87.0,3.0,60090.0,223.6067977
0.0,58985806.0,5.0,1326.5,3.0,133000.0,2.0,15.0,5.0,110.0,5.0,71000.0,1.0
0.0,58988092.0,5.0,1269.5,1.0,114000.0,2.0,15.0,5.0,83.0,3.0,450058.0,141.4213562
0.0,58990724.0,7.0,1278.5,3.0,71000.0,2.0,11.0,1.0,111.0,3.0,60019.0,316.22776600000003
0.0,59000307.0,4.0,1337.0,3.0,410000.0,2.0,8.0,5.0,83.0,5.0,60091.0,1.0
0.0,58990756.0,7.0,1329.5,3.0,114000.0,2.0,11.0,5.0,76.0,5.0,60040.0,200.0
0.0,58984992.0,5.0,1250.0,3.0,78000.0,2.0,15.0,5.0,82.0,5.0,350092.0,176.4256217
1.0,58986802.0,5.0,1241.0,3.0,61000.0,2.0,15.0,2.0,109.0,4.0,552104.0,187.08286930000003
0.0,58984207.0,5.0,1305.5,3.0,91000.0,2.0,15.0,5.0,100.0,5.0,450003.0,173.4358671
0.0,59000209.0,4.0,1317.5,1.0,183000.0,2.0,8.0,5.0,90.0,5.0,60019.0,273.86127880000004
0.0,58997856.0,4.0,1281.5,2.0,65000.0,2.0,8.0,9.0,112.0,5.0,72001.0,206.6615591
0.0,54982725.0,5.0,1332.5,3.0,325000.0,2.0,15.0,5.0,103.0,5.0,151009.0,200.0
0.0,58988166.0,5.0,1361.0,1.0,101000.0,2.0,15.0,9.0,115.0,3.0,60052.0,187.08286930000003
0.0,58998351.0,4.0,1328.0,3.0,488000.0,2.0,8.0,9.0,114.0,4.0,60057.0,632.4555320000001
0.0,59003267.0,4.0,1281.5,2.0,68000.0,2.0,8.0,9.0,114.0,4.0,151300.0,184.0190208
0.0,58984882.0,5.0,1290.5,1.0,106000.0,2.0,15.0,-1.0,112.0,3.0,450019.0,204.9390153
0.0,59005841.0,4.0,1308.5,1.0,123000.0,2.0,8.0,5.0,84.0,3.0,151300.0,173.20508080000002
0.0,58991638.0,7.0,1259.0,3.0,86000.0,2.0,11.0,5.0,88.0,5.0,72000.0,223.6067977
0.0,58990576.0,7.0,1281.5,3.0,137000.0,2.0,11.0,-1.0,112.0,4.0,450080.0,213.541565
1.0,54989095.0,4.0,1230.5,3.0,79000.0,2.0,8.0,5.0,112.0,4.0,72015.0,173.20508080000002
0.0,54985820.0,7.0,1281.5,3.0,100000.0,2.0,11.0,-1.0,110.0,5.0,450002.0,167.33200530000002
0.0,58986339.0,5.0,1241.0,1.0,78000.0,2.0,15.0,-1.0,77.0,5.0,450033.0,199.4993734
1.0,58987715.0,5.0,1289.0,1.0,35000.0,2.0,15.0,5.0,76.0,5.0,60063.0,1.0
1.0,58998866.0,4.0,1287.5,3.0,126000.0,1.0,8.0,5.0,99.0,5.0,151000.0,173.20508080000002
0.0,59003249.0,4.0,1269.5,3.0,113000.0,2.0,8.0,5.0,110.0,5.0,60091.0,212.1320344
0.0,58999612.0,4.0,1220.0,3.0,140000.0,2.0,8.0,5.0,109.0,4.0,72010.0,1.0
0.0,58990030.0,7.0,1326.5,3.0,96000.0,2.0,11.0,5.0,113.0,4.0,591001.0,1.0
0.0,58991782.0,7.0,1229.0,3.0,50000.0,2.0,12.0,-1.0,103.0,3.0,350061.0,200.2398562
0.0,54989873.0,4.0,1241.0,3.0,105000.0,2.0,8.0,5.0,114.0,4.0,72000.0,243.8216561
1.0,54985730.0,7.0,1319.0,3.0,149000.0,2.0,11.0,9.0,112.0,5.0,350096.0,243.9569634
1.0,58991594.0,7.0,1365.5,3.0,152000.0,1.0,11.0,5.0,84.0,5.0,60006.0,173.20508080000002
0.0,58987213.0,5.0,1229.0,3.0,46000.0,2.0,15.0,-1.0,111.0,4.0,450071.0,187.08286930000003
1.0,58997551.0,4.0,1305.5,3.0,130000.0,2.0,8.0,5.0,112.0,5.0,361047.0,1.0
1.0,59000842.0,4.0,1214.0,3.0,50000.0,2.0,8.0,5.0,114.0,4.0,60043.0,173.20508080000002
0.0,58991580.0,7.0,1251.5,3.0,103000.0,1.0,11.0,5.0,102.0,5.0,60095.0,173.20508080000002
1.0,58995407.0,7.0,1316.0,1.0,64000.0,2.0,11.0,9.0,87.0,5.0,60079.0,1.0
1.0,58992108.0,7.0,1241.0,3.0,56000.0,2.0,11.0,9.0,108.0,1.0,60013.0,158.11388300000002
0.0,54983039.0,5.0,1233.5,3.0,82000.0,2.0,15.0,5.0,88.0,3.0,60014.0,1.0
0.0,54984416.0,5.0,1281.5,2.0,35000.0,2.0,16.0,-1.0,93.0,5.0,335534.0,105.9008971
1.0,58995303.0,7.0,1304.0,1.0,113000.0,2.0,11.0,9.0,112.0,4.0,350078.0,264.5751311
0.0,54986826.0,7.0,1370.0,1.0,142000.0,2.0,11.0,9.0,113.0,4.0,72014.0,1.0
0.0,58989819.0,7.0,1299.5,3.0,500000.0,2.0,11.0,5.0,112.0,4.0,72000.0,1.0
0.0,58989720.0,7.0,1280.0,3.0,156000.0,1.0,11.0,5.0,96.0,5.0,72000.0,187.08286930000003
0.0,58988902.0,7.0,1287.5,3.0,164000.0,2.0,11.0,5.0,100.0,5.0,60026.0,282.8427125
0.0,54987715.0,7.0,1281.5,2.0,76000.0,2.0,11.0,-1.0,92.0,5.0,60000.0,1.0
0.0,58999208.0,4.0,1331.0,3.0,341000.0,2.0,8.0,9.0,114.0,5.0,72001.0,345.7383404
0.0,59000497.0,4.0,1257.5,3.0,88000.0,2.0,8.0,5.0,101.0,3.0,60018.0,200.0
1.0,59002105.0,4.0,1277.0,3.0,91000.0,2.0,8.0,5.0,114.0,4.0,72000.0,158.11388300000002
0.0,59005880.0,4.0,1241.0,1.0,86000.0,1.0,8.0,5.0,104.0,3.0,72000.0,187.08286930000003
0.0,54984727.0,5.0,1311.5,1.0,167000.0,2.0,15.0,5.0,85.0,5.0,60058.0,1.0
0.0,54989455.0,4.0,1287.5,3.0,107000.0,2.0,8.0,9.0,114.0,4.0,60043.0,200.0
0.0,58985847.0,5.0,1281.5,2.0,35000.0,2.0,16.0,-1.0,113.0,4.0,527000.0,163.4258242
0.0,59005405.0,4.0,1299.5,1.0,139000.0,2.0,8.0,-1.0,95.0,5.0,72000.0,1.0
0.0,58992325.0,7.0,1263.5,3.0,148000.0,2.0,11.0,5.0,90.0,5.0,60017.0,1.0
0.0,59004662.0,4.0,1242.5,3.0,158000.0,2.0,8.0,5.0,113.0,4.0,72000.0,200.0
0.0,58991759.0,7.0,1251.5,3.0,103000.0,2.0,11.0,9.0,108.0,4.0,60095.0,234.520788
0.0,58993948.0,7.0,1241.0,3.0,63000.0,2.0,11.0,5.0,112.0,4.0,60057.0,1.0
0.0,58986716.0,5.0,1296.5,3.0,289000.0,2.0,15.0,5.0,95.0,5.0,450027.0,310.1612484
0.0,58996500.0,7.0,1328.0,1.0,189000.0,2.0,11.0,9.0,85.0,5.0,60019.0,1.0
0.0,54984766.0,5.0,1283.0,3.0,90000.0,2.0,15.0,5.0,112.0,4.0,510094.0,189.7366596
1.0,54984047.0,5.0,1274.0,3.0,76000.0,2.0,15.0,5.0,89.0,5.0,60000.0,173.4358671
0.0,54987381.0,7.0,1214.0,3.0,58000.0,2.0,11.0,5.0,112.0,3.0,450080.0,145.6021978
0.0,58982371.0,1.0,1281.5,2.0,500000.0,2.0,5.0,-1.0,70.0,5.0,350020.0,1.0
0.0,59000143.0,4.0,1281.5,2.0,47000.0,2.0,8.0,9.0,114.0,4.0,60000.0,175.806712
0.0,54989125.0,4.0,1373.0,3.0,369000.0,2.0,8.0,7.0,108.0,5.0,330005.0,350.5923559
0.0,54983342.0,5.0,1323.5,3.0,220000.0,2.0,15.0,5.0,78.0,5.0,60002.0,200.0
0.0,54989201.0,4.0,1281.5,2.0,98000.0,1.0,8.0,5.0,109.0,4.0,72050.0,181.1435895
0.0,59005255.0,4.0,1305.5,1.0,128000.0,2.0,8.0,3.0,96.0,3.0,60042.0,1.0
0.0,59004757.0,4.0,1278.5,1.0,103000.0,2.0,8.0,5.0,90.0,5.0,60074.0,202.654879
0.0,58991841.0,7.0,1286.0,3.0,260000.0,2.0,11.0,5.0,109.0,3.0,151300.0,1.0
0.0,58988534.0,7.0,1223.0,3.0,63000.0,2.0,11.0,5.0,113.0,4.0,151300.0,1.0
0.0,58988956.0,7.0,1148.0,3.0,106000.0,2.0,11.0,5.0,94.0,5.0,450071.0,212.1320344
1.0,54991219.0,4.0,1334.0,3.0,35000.0,2.0,8.0,5.0,77.0,3.0,151000.0,1.0
0.0,54984131.0,5.0,1244.0,3.0,57000.0,2.0,15.0,5.0,95.0,5.0,151300.0,173.20508080000002
0.0,58998833.0,4.0,1316.0,3.0,107000.0,2.0,8.0,5.0,112.0,4.0,60006.0,173.20508080000002
0.0,58983946.0,5.0,1338.5,3.0,107000.0,2.0,15.0,5.0,113.0,4.0,72000.0,1.0
0.0,58992711.0,7.0,1305.5,3.0,84000.0,2.0,11.0,5.0,112.0,4.0,151306.0,173.20508080000002
0.0,58996010.0,7.0,1275.5,3.0,136000.0,2.0,11.0,5.0,113.0,4.0,151304.0,1.0
0.0,58995289.0,7.0,1281.5,2.0,50000.0,2.0,11.0,5.0,113.0,4.0,450080.0,167.5649128
1.0,54986075.0,7.0,1245.5,3.0,81000.0,2.0,11.0,5.0,103.0,5.0,60014.0,1.0
1.0,59005268.0,4.0,1281.5,2.0,67000.0,2.0,8.0,-1.0,100.0,5.0,60074.0,162.9232948
1.0,54986851.0,7.0,1281.5,2.0,89000.0,2.0,11.0,9.0,80.0,5.0,72001.0,243.1666095
0.0,59004946.0,4.0,1266.5,1.0,120000.0,1.0,8.0,5.0,109.0,4.0,60023.0,187.08286930000003
0.0,59000930.0,4.0,1352.0,3.0,75000.0,2.0,8.0,9.0,105.0,5.0,151300.0,200.0
0.0,58983073.0,5.0,1229.0,3.0,100000.0,2.0,15.0,5.0,102.0,5.0,60060.0,178.8854382
0.0,58985964.0,5.0,1212.5,3.0,67000.0,2.0,15.0,9.0,110.0,5.0,60083.0,1.0
0.0,54988984.0,4.0,1214.0,3.0,99000.0,2.0,8.0,5.0,112.0,4.0,72000.0,200.0
0.0,54985745.0,7.0,1224.5,3.0,312000.0,2.0,11.0,9.0,99.0,5.0,60084.0,1.0
0.0,58991389.0,7.0,1365.5,3.0,84000.0,2.0,11.0,5.0,100.0,3.0,60023.0,1.0
0.0,58994781.0,7.0,1287.5,3.0,133000.0,2.0,11.0,5.0,91.0,3.0,151300.0,1.0
1.0,54988117.0,7.0,1346.0,1.0,148000.0,2.0,11.0,5.0,105.0,3.0,350000.0,244.94897430000003
0.0,54988422.0,7.0,1289.0,1.0,144000.0,2.0,11.0,5.0,100.0,3.0,71000.0,200.0
0.0,54992357.0,4.0,1257.5,3.0,81000.0,2.0,8.0,8.0,107.0,4.0,72001.0,1.0
0.0,58986298.0,5.0,1281.5,2.0,116000.0,2.0,15.0,5.0,110.0,4.0,510037.0,214.8441295
0.0,54989513.0,4.0,1304.0,1.0,257000.0,2.0,8.0,5.0,75.0,5.0,72000.0,212.1320344
0.0,58993039.0,7.0,1286.0,1.0,86000.0,2.0,11.0,-1.0,95.0,5.0,72000.0,1.0
0.0,58988933.0,7.0,1277.0,3.0,50000.0,2.0,11.0,5.0,103.0,5.0,151301.0,198.0050504
0.0,58990200.0,7.0,1268.0,3.0,101000.0,2.0,11.0,4.0,108.0,5.0,450032.0,200.0
0.0,58990836.0,7.0,1244.0,3.0,130000.0,2.0,11.0,5.0,98.0,5.0,450054.0,282.8427125
1.0,59003724.0,4.0,1332.5,1.0,106000.0,2.0,8.0,5.0,100.0,3.0,60033.0,1.0
0.0,58996294.0,7.0,1239.5,1.0,110000.0,2.0,11.0,5.0,80.0,3.0,60064.0,1.0
0.0,58985356.0,5.0,1251.5,3.0,124000.0,2.0,15.0,9.0,112.0,4.0,60091.0,200.0
0.0,58982583.0,5.0,1278.5,3.0,143000.0,2.0,15.0,5.0,111.0,5.0,60017.0,1.0
1.0,54985691.0,7.0,1241.0,3.0,71000.0,2.0,11.0,-1.0,80.0,5.0,450071.0,187.08286930000003
0.0,58996802.0,7.0,1292.0,1.0,132000.0,2.0,11.0,5.0,64.0,3.0,60018.0,187.08286930000003
0.0,59001188.0,4.0,1281.5,2.0,69000.0,2.0,8.0,-1.0,112.0,4.0,60048.0,166.0331292
0.0,58989709.0,7.0,1352.0,3.0,71000.0,2.0,11.0,5.0,104.0,5.0,60093.0,1.0
0.0,58985684.0,5.0,1239.5,3.0,68000.0,2.0,15.0,5.0,100.0,5.0,60054.0,223.6067977
1.0,54986948.0,7.0,1353.5,1.0,173000.0,2.0,11.0,5.0,65.0,5.0,350018.0,212.1320344
0.0,59003649.0,4.0,1386.5,1.0,87000.0,2.0,8.0,5.0,105.0,4.0,60008.0,228.5432125
0.0,58987924.0,5.0,1236.5,1.0,104000.0,2.0,15.0,3.0,112.0,3.0,550016.0,200.0
0.0,59002731.0,4.0,1241.0,3.0,30000.0,2.0,8.0,9.0,114.0,3.0,151300.0,1.0
0.0,58990236.0,7.0,1335.5,3.0,546000.0,2.0,11.0,3.0,80.0,5.0,330008.0,1.0
0.0,58983845.0,5.0,1281.5,2.0,62000.0,1.0,15.0,5.0,111.0,4.0,151300.0,186.8742893
0.0,59000129.0,4.0,1356.5,3.0,143000.0,2.0,8.0,5.0,107.0,5.0,60054.0,158.11388300000002
0.0,58992592.0,7.0,1250.0,1.0,121000.0,2.0,11.0,-1.0,112.0,4.0,350091.0,212.1320344
0.0,59000502.0,4.0,1323.5,1.0,127000.0,2.0,8.0,5.0,109.0,4.0,60077.0,223.6067977
0.0,54992408.0,4.0,1314.5,1.0,53000.0,2.0,8.0,5.0,103.0,5.0,151300.0,187.5393292
0.0,58998624.0,4.0,1304.0,3.0,129000.0,2.0,8.0,5.0,111.0,4.0,60001.0,223.6067977
0.0,54983279.0,5.0,1281.5,2.0,89000.0,2.0,15.0,2.0,87.0,3.0,60036.0,171.9098601
0.0,59001932.0,4.0,1238.0,3.0,104000.0,2.0,8.0,5.0,109.0,3.0,60047.0,173.20508080000002
1.0,58982776.0,5.0,1164.5,3.0,35000.0,2.0,15.0,5.0,67.0,5.0,60082.0,200.0
1.0,58992419.0,7.0,1382.0,3.0,115000.0,2.0,11.0,5.0,100.0,5.0,60058.0,1.0
0.0,54988645.0,7.0,1350.5,1.0,235000.0,2.0,11.0,5.0,113.0,3.0,350704.0,360.5551275
0.0,54984070.0,5.0,1281.5,2.0,83000.0,2.0,15.0,5.0,111.0,3.0,151300.0,181.6590212
0.0,54987807.0,7.0,1227.5,3.0,64000.0,2.0,11.0,5.0,76.0,3.0,60005.0,212.1320344
0.0,58989774.0,7.0,1281.5,1.0,80000.0,2.0,12.0,-1.0,111.0,5.0,60019.0,235.1148655
0.0,59004203.0,4.0,1250.0,3.0,103000.0,2.0,8.0,9.0,104.0,5.0,60071.0,207.3644135
0.0,54988630.0,7.0,1329.5,1.0,115000.0,2.0,11.0,-1.0,86.0,3.0,341349.0,141.4213562
0.0,54991321.0,4.0,1281.5,2.0,38000.0,2.0,8.0,5.0,114.0,3.0,60014.0,159.066024
0.0,59002318.0,4.0,1224.5,3.0,59000.0,2.0,8.0,5.0,80.0,3.0,60044.0,200.0
1.0,58986727.0,5.0,1214.0,3.0,68000.0,2.0,15.0,5.0,92.0,3.0,550044.0,173.20508080000002
0.0,58990951.0,7.0,1379.0,3.0,144000.0,2.0,11.0,5.0,113.0,4.0,151008.0,200.0
0.0,58994773.0,7.0,1257.5,3.0,80000.0,2.0,11.0,5.0,103.0,5.0,60047.0,1.0
0.0,59002945.0,4.0,1260.5,3.0,74000.0,2.0,8.0,5.0,113.0,4.0,151300.0,1.0
0.0,58983813.0,5.0,1292.0,3.0,172000.0,2.0,15.0,8.0,113.0,5.0,350092.0,223.6067977
0.0,54984774.0,5.0,1278.5,3.0,35000.0,2.0,15.0,5.0,80.0,5.0,60005.0,1.0
0.0,54984388.0,5.0,1275.5,3.0,112000.0,2.0,15.0,5.0,85.0,5.0,340022.0,158.11388300000002
0.0,58999668.0,4.0,1290.5,3.0,130000.0,2.0,8.0,9.0,114.0,4.0,60053.0,1.0
0.0,54988132.0,7.0,1314.5,1.0,127000.0,2.0,11.0,9.0,110.0,3.0,60008.0,1.0
0.0,58983048.0,5.0,1341.5,3.0,66000.0,2.0,15.0,4.0,73.0,5.0,450083.0,181.6590212
0.0,59002841.0,4.0,1281.5,2.0,113000.0,2.0,8.0,9.0,93.0,5.0,72001.0,211.8419222
0.0,54989291.0,4.0,1322.0,3.0,146000.0,2.0,8.0,9.0,100.0,5.0,72000.0,1.0
0.0,58993461.0,7.0,1281.5,3.0,50000.0,2.0,12.0,-1.0,114.0,4.0,335534.0,188.769701
0.0,59005303.0,4.0,1310.0,1.0,167000.0,2.0,8.0,9.0,105.0,3.0,151300.0,320.1202899
0.0,54986067.0,7.0,1271.0,3.0,137000.0,2.0,11.0,5.0,68.0,5.0,60008.0,233.2873764
0.0,59005680.0,4.0,1274.0,1.0,93000.0,1.0,8.0,5.0,100.0,3.0,60019.0,173.20508080000002
0.0,58999012.0,4.0,1166.0,3.0,176000.0,2.0,8.0,5.0,87.0,5.0,60094.0,1.0
0.0,58991182.0,7.0,1244.0,3.0,84000.0,2.0,11.0,5.0,108.0,4.0,72000.0,1.0
0.0,54984211.0,5.0,1311.5,3.0,134000.0,2.0,15.0,5.0,113.0,5.0,60015.0,1.0
0.0,58997112.0,7.0,1202.0,3.0,63000.0,2.0,11.0,-1.0,112.0,4.0,60057.0,1.0
0.0,54991742.0,4.0,1245.5,3.0,50000.0,2.0,8.0,5.0,88.0,3.0,340017.0,300.0
1.0,58986996.0,5.0,1250.0,3.0,50000.0,2.0,15.0,5.0,84.0,5.0,350702.0,200.0
0.0,54984235.0,5.0,1365.5,3.0,77000.0,2.0,15.0,5.0,109.0,4.0,60084.0,1.0
0.0,54988125.0,7.0,1305.5,1.0,136000.0,2.0,11.0,-1.0,105.0,4.0,60061.0,1.0
1.0,58984645.0,5.0,1244.0,3.0,30000.0,2.0,15.0,5.0,100.0,5.0,60014.0,223.6067977
0.0,59002775.0,4.0,1301.0,3.0,144000.0,2.0,8.0,9.0,113.0,4.0,60001.0,212.1320344
1.0,58994744.0,7.0,1332.5,1.0,141000.0,2.0,11.0,5.0,109.0,5.0,72412.0,1.0
0.0,58994048.0,7.0,1239.5,3.0,99000.0,2.0,11.0,5.0,110.0,4.0,60027.0,1.0
0.0,54986045.0,7.0,1284.5,3.0,132000.0,2.0,11.0,5.0,104.0,5.0,60015.0,1.0
0.0,54983601.0,5.0,1241.0,3.0,35000.0,2.0,15.0,5.0,104.0,5.0,151300.0,243.3536521
0.0,58993583.0,7.0,1338.5,1.0,156000.0,2.0,11.0,-1.0,69.0,5.0,151300.0,1.0
0.0,58991753.0,7.0,1287.5,1.0,119000.0,2.0,11.0,5.0,85.0,5.0,60031.0,187.08286930000003
0.0,59004489.0,4.0,1262.0,3.0,155000.0,2.0,8.0,5.0,110.0,4.0,72001.0,248.3022352
0.0,58991029.0,7.0,1328.0,1.0,105000.0,2.0,11.0,-1.0,109.0,4.0,60095.0,200.0
1.0,58992006.0,7.0,1272.5,3.0,50000.0,2.0,11.0,7.0,115.0,4.0,60007.0,1.0
0.0,58995283.0,7.0,1229.0,1.0,170000.0,1.0,11.0,5.0,91.0,3.0,550115.0,244.94897430000003
0.0,54987316.0,7.0,1257.5,3.0,107000.0,2.0,11.0,5.0,113.0,4.0,450071.0,200.0
0.0,54988624.0,7.0,1274.0,1.0,120000.0,2.0,11.0,5.0,84.0,5.0,151300.0,1.0
0.0,59002619.0,4.0,1223.0,3.0,100000.0,2.0,8.0,9.0,114.0,4.0,60000.0,1.0
0.0,54990339.0,4.0,1305.5,1.0,90000.0,2.0,8.0,5.0,93.0,5.0,60085.0,200.0
1.0,58994856.0,7.0,1215.5,3.0,60000.0,2.0,11.0,-1.0,112.0,4.0,450081.0,158.11388300000002
0.0,54992395.0,4.0,1281.5,2.0,91000.0,2.0,8.0,-1.0,107.0,3.0,60018.0,1.0
0.0,58989600.0,7.0,1293.5,3.0,149000.0,2.0,11.0,9.0,84.0,5.0,151300.0,202.4845673
0.0,58998658.0,4.0,1311.5,1.0,169000.0,2.0,8.0,-1.0,112.0,5.0,72000.0,1.0
0.0,58987491.0,5.0,1241.0,3.0,84000.0,2.0,15.0,5.0,87.0,3.0,60074.0,1.0
0.0,58998706.0,4.0,1281.5,2.0,90000.0,2.0,8.0,5.0,79.0,5.0,72001.0,173.20508080000002
0.0,58988855.0,7.0,1328.0,3.0,163000.0,2.0,11.0,9.0,79.0,5.0,60062.0,1.0
0.0,58997329.0,4.0,1281.5,2.0,65000.0,2.0,8.0,5.0,112.0,4.0,60015.0,191.8801709
1.0,58987200.0,5.0,1281.5,2.0,126000.0,2.0,15.0,9.0,83.0,5.0,450058.0,176.0681686
0.0,58984430.0,5.0,1316.0,3.0,147000.0,2.0,15.0,9.0,105.0,5.0,361029.0,173.20508080000002
0.0,54982727.0,5.0,1305.5,3.0,157000.0,2.0,15.0,9.0,111.0,5.0,71000.0,249.7999199
0.0,58997840.0,4.0,1281.5,2.0,90000.0,2.0,8.0,5.0,113.0,4.0,151307.0,189.5837546
0.0,58992450.0,7.0,1281.5,2.0,78000.0,2.0,11.0,9.0,84.0,3.0,60031.0,175.6331404
0.0,58983266.0,5.0,1209.5,3.0,35000.0,2.0,15.0,5.0,78.0,5.0,71000.0,227.015418
0.0,54988258.0,7.0,1320.5,1.0,119000.0,2.0,11.0,5.0,96.0,3.0,60043.0,212.1320344
0.0,59004394.0,4.0,1292.0,3.0,187000.0,2.0,8.0,-1.0,114.0,4.0,60019.0,273.0347963
0.0,58991802.0,7.0,1326.5,1.0,141000.0,2.0,11.0,-1.0,67.0,5.0,60007.0,1.0
0.0,54989871.0,4.0,1380.5,3.0,270000.0,2.0,8.0,5.0,64.0,5.0,60023.0,1.0
0.0,54986764.0,7.0,1304.0,1.0,111000.0,2.0,11.0,9.0,113.0,4.0,151300.0,1.0
0.0,54986705.0,7.0,1233.5,3.0,56000.0,2.0,11.0,5.0,80.0,5.0,60052.0,1.0
0.0,58991922.0,7.0,1365.5,1.0,150000.0,2.0,12.0,-1.0,110.0,5.0,350012.0,1.0
1.0,58985795.0,5.0,1389.5,3.0,38000.0,2.0,15.0,5.0,109.0,5.0,450015.0,158.5370619
0.0,58989550.0,7.0,1283.0,3.0,67000.0,2.0,11.0,5.0,114.0,4.0,60026.0,200.0
1.0,59005543.0,4.0,1302.5,1.0,239000.0,1.0,8.0,5.0,100.0,3.0,60043.0,380.7886553
1.0,58989781.0,7.0,1241.0,1.0,70000.0,2.0,11.0,-1.0,106.0,4.0,450032.0,200.0
0.0,54991368.0,4.0,1271.0,3.0,99000.0,2.0,8.0,5.0,114.0,4.0,151300.0,232.8647676
1.0,54987636.0,7.0,1214.0,3.0,59000.0,2.0,11.0,5.0,84.0,3.0,72001.0,223.6067977
0.0,58985909.0,5.0,1256.0,3.0,128000.0,2.0,15.0,5.0,114.0,4.0,510065.0,167.33200530000002
0.0,58983160.0,5.0,1364.0,3.0,134000.0,2.0,15.0,5.0,83.0,5.0,72000.0,316.22776600000003
0.0,54990275.0,4.0,1281.5,2.0,94000.0,2.0,8.0,9.0,81.0,5.0,71000.0,176.5389475
1.0,59003268.0,4.0,1281.5,3.0,95000.0,1.0,8.0,5.0,93.0,5.0,60047.0,173.20508080000002
0.0,58997888.0,4.0,1352.0,3.0,175000.0,2.0,8.0,9.0,105.0,5.0,60004.0,219.089023
0.0,59001107.0,4.0,1272.5,3.0,180000.0,2.0,8.0,5.0,110.0,4.0,60091.0,1.0
0.0,58996112.0,7.0,1248.5,3.0,76000.0,2.0,11.0,5.0,95.0,3.0,72000.0,200.0
0.0,58992849.0,7.0,1380.5,3.0,271000.0,2.0,11.0,9.0,81.0,5.0,60027.0,300.1299718
1.0,59003507.0,4.0,1278.5,3.0,101000.0,2.0,8.0,5.0,112.0,4.0,72000.0,1.0
0.0,58989284.0,7.0,1248.5,3.0,146000.0,2.0,11.0,10.0,105.0,5.0,350704.0,339.9441131
0.0,58995726.0,7.0,1290.5,1.0,161000.0,2.0,11.0,5.0,109.0,3.0,151300.0,1.0
1.0,58999971.0,4.0,1320.5,1.0,128000.0,2.0,8.0,-1.0,112.0,5.0,341774.0,206.4291646
0.0,59000105.0,4.0,1293.5,3.0,35000.0,2.0,8.0,5.0,105.0,5.0,350071.0,200.0
0.0,58995231.0,7.0,1374.5,1.0,400000.0,2.0,12.0,-1.0,104.0,5.0,60000.0,492.6601263
0.0,59006193.0,7.0,1268.0,3.0,162000.0,2.0,11.0,5.0,113.0,4.0,450081.0,141.4213562
0.0,58984749.0,5.0,1205.0,3.0,94000.0,2.0,15.0,5.0,103.0,1.0,60000.0,1.0
0.0,54984830.0,5.0,1316.0,3.0,15000.0,2.0,15.0,5.0,114.0,4.0,510036.0,206.9130252
0.0,58987900.0,5.0,1248.5,1.0,81000.0,2.0,15.0,9.0,79.0,3.0,450033.0,187.08286930000003
0.0,54982916.0,5.0,1352.0,3.0,88000.0,2.0,15.0,9.0,101.0,5.0,350091.0,198.1464105
0.0,58984428.0,5.0,1304.0,3.0,140000.0,2.0,15.0,5.0,80.0,3.0,151300.0,187.08286930000003
0.0,58996064.0,7.0,1230.5,3.0,69000.0,1.0,11.0,9.0,72.0,5.0,151300.0,187.08286930000003
0.0,59002460.0,4.0,1328.0,3.0,123000.0,1.0,8.0,5.0,99.0,3.0,151009.0,173.20508080000002
0.0,58997449.0,4.0,1403.0,1.0,184000.0,2.0,8.0,-1.0,80.0,5.0,340017.0,187.08286930000003
0.0,54982356.0,1.0,1391.0,1.0,1200000.0,2.0,5.0,-1.0,64.0,5.0,361026.0,1.0
0.0,58988052.0,5.0,1293.5,1.0,169000.0,2.0,15.0,-1.0,106.0,5.0,450017.0,200.0
0.0,59005843.0,4.0,1230.5,1.0,71000.0,2.0,8.0,5.0,100.0,5.0,72001.0,1.0
0.0,59004680.0,4.0,1370.0,1.0,273000.0,2.0,8.0,9.0,110.0,5.0,60015.0,1.0
0.0,54991534.0,4.0,1338.5,3.0,133000.0,1.0,8.0,5.0,80.0,3.0,151009.0,187.08286930000003
0.0,54991100.0,4.0,1292.0,3.0,195000.0,2.0,8.0,5.0,112.0,4.0,151300.0,1.0
0.0,58994019.0,7.0,1281.5,3.0,156000.0,2.0,11.0,5.0,84.0,5.0,450069.0,165.8312395
0.0,58996823.0,7.0,1272.5,1.0,66000.0,2.0,11.0,5.0,105.0,5.0,60014.0,194.0850329
0.0,54982897.0,5.0,1257.5,3.0,102000.0,2.0,15.0,2.0,80.0,3.0,60005.0,223.6067977
0.0,59001138.0,4.0,1281.5,2.0,100000.0,2.0,8.0,9.0,99.0,5.0,71003.0,199.9749984
1.0,54985832.0,7.0,1308.5,3.0,500000.0,2.0,11.0,9.0,85.0,5.0,60001.0,387.2983346
0.0,59001213.0,4.0,1296.5,1.0,127000.0,2.0,8.0,5.0,112.0,5.0,60032.0,1.0
1.0,58994493.0,7.0,1287.5,3.0,89000.0,2.0,11.0,5.0,105.0,5.0,71004.0,1.0
0.0,58991651.0,7.0,1268.0,3.0,107000.0,2.0,11.0,4.0,105.0,5.0,60091.0,1.0
1.0,59004235.0,4.0,1281.5,2.0,150000.0,2.0,8.0,5.0,100.0,3.0,60018.0,244.7549795
0.0,58990154.0,7.0,1262.0,3.0,100000.0,2.0,11.0,5.0,113.0,4.0,450071.0,210.9573417
0.0,58985785.0,5.0,1281.5,3.0,250000.0,2.0,15.0,-1.0,111.0,5.0,450031.0,187.08286930000003
0.0,59003741.0,4.0,1281.5,2.0,39000.0,2.0,8.0,5.0,90.0,3.0,60001.0,153.2677396
0.0,58996247.0,7.0,1259.0,1.0,336000.0,2.0,11.0,9.0,112.0,4.0,60036.0,1.0
0.0,54983895.0,5.0,1223.0,3.0,59000.0,2.0,15.0,5.0,112.0,4.0,510101.0,200.0
0.0,54984680.0,5.0,1170.5,3.0,100000.0,2.0,15.0,5.0,86.0,5.0,350092.0,200.0
0.0,54982859.0,5.0,1322.0,3.0,154000.0,2.0,15.0,5.0,110.0,5.0,72000.0,204.9390153
0.0,59001195.0,4.0,1311.5,3.0,147000.0,2.0,8.0,5.0,98.0,4.0,72000.0,187.08286930000003
0.0,58985542.0,5.0,1272.5,3.0,108000.0,2.0,15.0,5.0,113.0,4.0,450015.0,200.0
0.0,58996837.0,7.0,1235.0,3.0,56000.0,2.0,11.0,-1.0,114.0,4.0,151300.0,206.8888591
0.0,54989264.0,4.0,1343.0,3.0,110000.0,2.0,8.0,2.0,105.0,5.0,60043.0,1.0
0.0,59001031.0,4.0,1281.5,2.0,58000.0,2.0,8.0,5.0,100.0,5.0,151300.0,196.2141687
0.0,58992063.0,7.0,1137.5,3.0,88000.0,2.0,11.0,-1.0,107.0,4.0,450081.0,158.11388300000002
0.0,54985816.0,7.0,1320.5,3.0,108000.0,2.0,11.0,5.0,110.0,4.0,510068.0,248.997992
0.0,58988196.0,5.0,1289.0,1.0,173000.0,2.0,15.0,5.0,112.0,3.0,350702.0,200.0
0.0,58987926.0,5.0,1281.5,2.0,50000.0,2.0,15.0,5.0,108.0,4.0,450000.0,169.0
0.0,58995381.0,7.0,1220.0,3.0,76000.0,2.0,11.0,2.0,90.0,5.0,71002.0,1.0
0.0,58998054.0,4.0,1250.0,3.0,137000.0,2.0,8.0,5.0,90.0,5.0,72000.0,1.0
0.0,54989781.0,4.0,1415.0,3.0,93000.0,2.0,8.0,5.0,113.0,4.0,151300.0,273.86127880000004
0.0,56923061.0,7.0,1253.0,3.0,55162.0,2.0,13.0,5.0,88.0,5.0,124877.0,175.0
0.0,58824578.0,4.0,1301.0,3.0,208384.0,2.0,10.0,4.0,102.0,1.0,60678.0,-49.0
0.0,57988193.0,7.0,1366.0,3.0,19752.0,2.0,6.0,4.0,89.0,1.0,60298.0,207.0
0.0,56361487.0,5.0,1294.0,2.0,74303.0,2.0,11.0,12.0,110.0,5.0,121339.0,-21.0
0.0,58941637.0,5.0,1246.0,3.0,141262.0,2.0,9.0,5.0,109.0,4.0,130398.0,-27.0
0.0,57429752.0,7.0,1252.0,3.0,97674.0,2.0,16.0,0.0,109.0,5.0,60000.0,229.0
0.0,55602213.0,4.0,1271.0,3.0,92114.0,2.0,10.0,2.0,100.0,4.0,82392.0,29.0
0.0,57076648.0,5.0,1295.0,3.0,232415.0,2.0,11.0,18.0,104.0,4.0,63006.0,337.0
0.0,58812351.0,7.0,1290.0,3.0,151030.0,2.0,7.0,5.0,101.0,4.0,141082.0,-38.0
0.0,54770239.0,7.0,1285.0,3.0,187467.0,2.0,16.0,-13.0,103.0,5.0,123682.0,202.0
